order_id,restaurant_id,food_item,order_hour,delivery_time_min,order_quantity,is_weekend,is_holiday,weather,is_peak_hour,holiday_weekend,avg_order_restaurant_hour
1,2,Sandwich,9,31,4,0,0,Rainy,0,0,2.75
2,18,Biryani,3,22,4,0,1,Cloudy,0,0,4.0
3,15,Pasta,20,28,2,0,1,Clear,1,0,3.0
4,9,Sandwich,5,44,5,1,0,Cloudy,0,0,2.7
5,8,Burger,3,55,2,0,0,Clear,0,0,2.0
6,14,Burger,17,45,5,1,1,Cloudy,0,1,3.75
7,14,Pizza,21,28,3,0,0,Cloudy,1,0,2.5
8,18,Pasta,14,55,2,1,1,Rainy,0,1,2.0
9,18,Pasta,12,42,3,1,0,Clear,0,0,2.769230769230769
10,10,Sandwich,22,30,3,0,0,Cloudy,1,0,2.2
11,3,Fried Rice,1,54,5,0,0,Cloudy,0,0,2.8
12,11,Fried Rice,13,29,4,0,0,Rainy,0,0,3.0
13,19,Sandwich,9,50,4,1,0,Cloudy,0,0,2.857142857142857
14,14,Biryani,1,35,3,1,1,Clear,0,1,3.0
15,7,Fried Rice,9,38,1,1,0,Rainy,0,0,2.25
16,9,Fried Rice,2,25,1,0,1,Rainy,0,0,2.6666666666666665
17,16,Biryani,8,55,2,1,1,Clear,0,1,3.2
18,11,Sandwich,10,51,2,0,0,Clear,0,0,3.1666666666666665
19,15,Pizza,14,23,5,0,1,Rainy,0,0,2.4285714285714284
20,14,Pizza,0,51,5,1,1,Cloudy,0,1,2.6666666666666665
21,14,Fried Rice,13,53,4,1,1,Cloudy,0,1,3.5714285714285716
22,3,Pizza,23,36,4,1,1,Rainy,0,1,3.4
23,14,Burger,21,43,5,1,0,Cloudy,1,0,2.5
24,11,Pasta,10,32,2,0,1,Cloudy,0,0,3.1666666666666665
25,15,Sandwich,1,52,1,1,1,Rainy,0,1,2.0
26,12,Pizza,17,51,2,1,0,Clear,0,0,3.0
27,10,Pizza,10,55,2,1,0,Clear,0,0,3.0
28,3,Pasta,3,59,5,1,0,Clear,0,0,3.0
29,19,Fried Rice,15,47,1,1,0,Cloudy,0,0,1.0
30,16,Biryani,7,44,3,1,1,Rainy,0,1,3.5
31,16,Biryani,6,40,2,1,1,Clear,0,1,4.0
32,6,Biryani,12,44,2,0,1,Cloudy,0,0,2.3333333333333335
33,6,Sandwich,0,41,3,0,1,Clear,0,0,2.5
34,17,Pizza,20,45,1,0,1,Cloudy,1,0,2.625
35,12,Sandwich,20,38,3,0,1,Clear,1,0,2.0
36,2,Pizza,21,48,2,1,1,Clear,1,1,2.4285714285714284
37,2,Sandwich,17,24,2,0,1,Clear,0,0,2.6666666666666665
38,4,Pasta,1,57,3,0,1,Cloudy,0,0,3.0
39,7,Pasta,22,26,3,1,0,Clear,1,0,3.8333333333333335
40,1,Fried Rice,17,22,2,1,0,Cloudy,0,0,3.1666666666666665
41,18,Biryani,8,44,4,0,1,Cloudy,0,0,2.25
42,14,Fried Rice,4,31,5,1,1,Clear,0,1,3.0
43,5,Pasta,9,55,4,1,0,Cloudy,0,0,3.5
44,10,Fried Rice,1,43,4,1,1,Cloudy,0,1,3.0
45,13,Fried Rice,22,36,4,0,1,Rainy,1,0,3.0
46,9,Fried Rice,21,21,3,0,0,Clear,1,0,2.888888888888889
47,7,Fried Rice,19,30,1,0,0,Clear,1,0,2.0
48,2,Pasta,17,49,5,1,0,Clear,0,0,2.6666666666666665
49,9,Biryani,9,49,5,1,1,Rainy,0,1,3.375
50,7,Sandwich,8,24,3,0,1,Rainy,0,0,3.6666666666666665
51,14,Biryani,3,42,5,1,0,Rainy,0,0,5.0
52,12,Fried Rice,4,24,2,1,1,Cloudy,0,1,3.2
53,12,Pasta,23,22,2,0,0,Clear,0,0,3.2857142857142856
54,16,Sandwich,22,40,4,1,1,Cloudy,1,1,4.0
55,1,Pasta,23,50,5,0,1,Cloudy,0,0,2.75
56,12,Pasta,14,21,4,1,1,Clear,0,1,3.6666666666666665
57,15,Pasta,1,37,2,1,1,Cloudy,0,1,2.0
58,4,Sandwich,5,44,1,0,0,Rainy,0,0,2.6666666666666665
59,5,Biryani,2,25,4,1,1,Clear,0,1,3.25
60,1,Sandwich,3,42,3,0,1,Clear,0,0,1.75
61,13,Fried Rice,13,31,3,1,0,Cloudy,0,0,3.0
62,15,Pasta,19,44,2,0,1,Rainy,1,0,2.8181818181818183
63,18,Fried Rice,18,54,1,0,0,Clear,1,0,2.8333333333333335
64,11,Pizza,11,35,3,1,0,Rainy,0,0,3.0
65,4,Pasta,6,51,5,0,1,Rainy,0,0,3.6666666666666665
66,1,Fried Rice,8,55,2,0,1,Cloudy,0,0,2.25
67,4,Sandwich,19,36,3,1,1,Rainy,1,1,4.5
68,9,Sandwich,5,31,1,1,0,Cloudy,0,0,2.7
69,7,Burger,17,43,4,0,0,Cloudy,0,0,2.3333333333333335
70,13,Burger,12,58,5,0,1,Rainy,0,0,3.3333333333333335
71,14,Fried Rice,10,22,5,0,1,Rainy,0,0,3.8
72,12,Pasta,4,29,1,1,0,Clear,0,0,3.2
73,19,Burger,12,58,4,0,0,Cloudy,0,0,3.0
74,18,Pizza,3,31,5,1,0,Clear,0,0,4.0
75,18,Biryani,18,59,2,0,1,Cloudy,1,0,2.8333333333333335
76,9,Pizza,7,58,1,0,0,Cloudy,0,0,3.0
77,14,Pizza,2,51,3,0,0,Cloudy,0,0,2.8333333333333335
78,12,Pizza,10,41,2,1,1,Clear,0,1,2.625
79,7,Fried Rice,14,45,3,0,0,Rainy,0,0,2.5
80,18,Burger,16,35,3,0,0,Rainy,0,0,2.25
81,15,Pasta,21,34,5,0,1,Clear,1,0,3.0
82,1,Pasta,8,39,3,0,0,Clear,0,0,2.25
83,17,Pizza,18,54,1,0,1,Rainy,1,0,3.5
84,16,Fried Rice,8,38,5,1,1,Cloudy,0,1,3.2
85,4,Sandwich,17,59,4,1,0,Cloudy,0,0,2.857142857142857
86,1,Pasta,1,47,2,1,0,Clear,0,0,3.0
87,16,Pizza,8,35,2,1,1,Cloudy,0,1,3.2
88,18,Burger,18,53,5,0,1,Cloudy,1,0,2.8333333333333335
89,4,Biryani,2,47,2,0,1,Clear,0,0,2.0
90,14,Pizza,4,22,3,0,1,Clear,0,0,3.0
91,2,Fried Rice,22,57,5,1,0,Cloudy,1,0,2.6
92,6,Burger,10,47,3,1,0,Rainy,0,0,3.6
93,2,Pizza,14,22,2,0,0,Clear,0,0,3.6
94,10,Sandwich,20,31,4,1,1,Cloudy,1,1,3.4
95,4,Sandwich,6,33,5,0,0,Cloudy,0,0,3.6666666666666665
96,11,Pasta,17,28,4,1,0,Cloudy,0,0,2.5
97,4,Biryani,10,48,5,1,1,Cloudy,0,1,4.0
98,7,Pasta,10,46,5,0,0,Cloudy,0,0,4.25
99,19,Biryani,13,59,5,0,1,Cloudy,0,0,3.6
100,10,Burger,5,30,3,1,0,Rainy,0,0,3.0
101,18,Pizza,22,52,2,1,0,Cloudy,1,0,3.125
102,19,Biryani,3,41,5,1,1,Rainy,0,1,3.6666666666666665
103,15,Pasta,12,44,3,1,0,Clear,0,0,2.6
104,12,Biryani,17,40,3,0,0,Cloudy,0,0,3.0
105,10,Sandwich,9,31,2,0,1,Cloudy,0,0,3.0
106,13,Biryani,21,58,5,1,0,Cloudy,1,0,3.5
107,18,Pizza,1,42,2,0,0,Cloudy,0,0,2.0
108,12,Biryani,8,33,3,0,1,Cloudy,0,0,3.75
109,2,Sandwich,12,40,1,1,0,Rainy,0,0,2.0
110,2,Burger,11,52,5,0,0,Cloudy,0,0,3.0
111,9,Pasta,15,59,2,0,1,Rainy,0,0,2.6666666666666665
112,5,Fried Rice,16,20,4,0,0,Clear,0,0,3.25
113,15,Pasta,13,57,4,1,1,Rainy,0,1,3.2
114,8,Fried Rice,20,49,4,1,1,Cloudy,1,1,4.0
115,18,Sandwich,23,54,1,1,1,Rainy,0,1,2.75
116,15,Biryani,12,59,1,0,0,Clear,0,0,2.6
117,2,Sandwich,6,59,1,1,1,Clear,0,1,2.6666666666666665
118,7,Burger,19,37,2,1,1,Rainy,1,1,2.0
119,6,Sandwich,16,55,4,0,1,Cloudy,0,0,4.333333333333333
120,15,Pizza,12,35,1,0,0,Clear,0,0,2.6
121,19,Sandwich,16,27,4,1,0,Clear,0,0,4.0
122,6,Pizza,21,44,5,0,1,Cloudy,1,0,3.6666666666666665
123,12,Pasta,3,42,1,0,0,Cloudy,0,0,2.0
124,19,Biryani,16,34,4,0,1,Cloudy,0,0,4.0
125,18,Burger,21,56,5,1,0,Cloudy,1,0,3.6666666666666665
126,19,Pizza,8,42,1,0,1,Clear,0,0,2.375
127,6,Pizza,2,49,2,0,0,Rainy,0,0,3.0
128,4,Fried Rice,11,39,4,0,0,Cloudy,0,0,3.0
129,5,Fried Rice,8,40,3,1,0,Cloudy,0,0,2.8
130,4,Burger,21,47,5,0,1,Clear,1,0,2.6666666666666665
131,6,Sandwich,12,43,2,0,1,Clear,0,0,2.3333333333333335
132,5,Fried Rice,4,31,1,0,1,Rainy,0,0,3.75
133,12,Pizza,8,28,5,1,0,Clear,0,0,3.75
134,2,Pasta,8,59,2,0,0,Rainy,0,0,2.5
135,14,Pasta,2,36,1,0,1,Cloudy,0,0,2.8333333333333335
136,13,Burger,10,46,5,0,1,Clear,0,0,3.4
137,7,Pizza,10,55,5,0,1,Rainy,0,0,4.25
138,2,Burger,3,46,3,1,1,Cloudy,0,1,2.8333333333333335
139,18,Pasta,15,42,1,0,0,Cloudy,0,0,1.0
140,5,Biryani,8,21,2,0,1,Rainy,0,0,2.8
141,13,Fried Rice,1,29,4,0,0,Rainy,0,0,2.4
142,9,Biryani,19,20,1,1,0,Rainy,1,0,2.3333333333333335
143,18,Biryani,8,23,2,0,0,Clear,0,0,2.25
144,15,Fried Rice,3,42,2,1,0,Clear,0,0,2.25
145,5,Fried Rice,15,21,4,0,1,Cloudy,0,0,2.5
146,3,Sandwich,23,27,5,1,1,Rainy,0,1,3.4
147,1,Burger,8,49,2,0,1,Clear,0,0,2.25
148,10,Pasta,13,53,5,0,0,Cloudy,0,0,3.2
149,4,Fried Rice,12,47,2,0,0,Clear,0,0,2.8
150,15,Biryani,7,50,2,0,0,Rainy,0,0,1.8571428571428572
151,9,Fried Rice,5,28,5,0,1,Rainy,0,0,2.7
152,5,Fried Rice,18,45,1,1,1,Cloudy,1,1,3.4166666666666665
153,13,Fried Rice,6,49,3,1,1,Clear,0,1,3.5
154,9,Pasta,23,22,3,1,1,Rainy,0,1,3.25
155,16,Fried Rice,23,23,5,0,0,Cloudy,0,0,2.8333333333333335
156,2,Biryani,23,47,2,1,0,Cloudy,0,0,2.5555555555555554
157,8,Sandwich,13,31,3,0,0,Cloudy,0,0,2.3333333333333335
158,1,Biryani,22,47,1,0,0,Clear,1,0,2.2
159,12,Pizza,5,50,2,1,1,Cloudy,0,1,2.3333333333333335
160,11,Sandwich,23,41,1,0,0,Rainy,0,0,2.888888888888889
161,8,Biryani,13,43,3,0,1,Rainy,0,0,2.3333333333333335
162,13,Burger,15,29,4,1,0,Cloudy,0,0,2.6666666666666665
163,6,Burger,17,20,4,0,0,Rainy,0,0,3.0
164,2,Biryani,18,30,2,1,0,Cloudy,1,0,2.6666666666666665
165,5,Biryani,1,33,5,1,1,Rainy,0,1,3.0
166,17,Fried Rice,16,24,2,1,0,Rainy,0,0,3.2857142857142856
167,3,Pizza,22,35,5,1,1,Rainy,1,1,3.25
168,10,Biryani,17,50,5,1,1,Clear,0,1,2.75
169,2,Fried Rice,6,29,4,1,0,Rainy,0,0,2.6666666666666665
170,5,Pasta,16,56,3,0,1,Rainy,0,0,3.25
171,11,Biryani,12,38,1,1,0,Cloudy,0,0,3.625
172,19,Pasta,17,45,5,0,1,Clear,0,0,4.5
173,15,Pizza,22,46,3,0,0,Clear,1,0,2.75
174,6,Pizza,8,22,3,1,1,Rainy,0,1,2.2
175,8,Pasta,15,37,5,1,1,Cloudy,0,1,3.0
176,3,Burger,14,30,2,1,1,Cloudy,0,1,3.3333333333333335
177,16,Fried Rice,5,49,4,1,1,Clear,0,1,3.0
178,9,Sandwich,19,41,1,0,0,Rainy,1,0,2.3333333333333335
179,13,Fried Rice,10,46,5,1,0,Clear,0,0,3.4
180,9,Pizza,1,40,1,1,0,Rainy,0,0,3.0
181,19,Pizza,19,40,1,1,1,Cloudy,1,1,3.0
182,11,Pizza,10,52,4,1,0,Cloudy,0,0,3.1666666666666665
183,3,Pasta,5,27,5,0,1,Cloudy,0,0,3.4
184,7,Pizza,11,55,3,0,1,Rainy,0,0,3.4
185,15,Pasta,18,32,3,1,0,Rainy,1,0,2.6666666666666665
186,17,Sandwich,15,50,1,0,1,Clear,0,0,1.25
187,19,Burger,21,25,4,0,0,Clear,1,0,2.4444444444444446
188,14,Biryani,13,25,5,0,0,Rainy,0,0,3.5714285714285716
189,3,Fried Rice,4,42,5,0,1,Clear,0,0,4.666666666666667
190,11,Burger,6,21,1,0,0,Clear,0,0,2.375
191,2,Burger,21,30,3,1,1,Clear,1,1,2.4285714285714284
192,9,Fried Rice,16,50,3,1,0,Cloudy,0,0,3.142857142857143
193,8,Pasta,9,35,3,1,1,Cloudy,0,1,2.6
194,11,Sandwich,11,50,3,1,0,Clear,0,0,3.0
195,13,Pizza,21,30,2,1,0,Clear,1,0,3.5
196,16,Fried Rice,6,33,4,0,0,Rainy,0,0,4.0
197,5,Pasta,3,36,3,0,1,Cloudy,0,0,3.5
198,9,Biryani,21,53,4,0,0,Rainy,1,0,2.888888888888889
199,11,Burger,2,31,5,0,0,Clear,0,0,3.3333333333333335
200,15,Biryani,16,40,2,0,0,Clear,0,0,2.4
201,18,Sandwich,11,37,5,1,0,Cloudy,0,0,3.3333333333333335
202,17,Burger,1,27,4,1,1,Rainy,0,1,2.142857142857143
203,10,Biryani,3,20,5,0,0,Rainy,0,0,3.6
204,10,Fried Rice,8,28,1,1,0,Rainy,0,0,2.5
205,1,Fried Rice,22,30,2,0,1,Rainy,1,0,2.2
206,14,Burger,5,37,2,1,1,Clear,0,1,2.6
207,1,Biryani,17,43,3,1,0,Clear,0,0,3.1666666666666665
208,8,Pasta,19,45,3,1,0,Clear,1,0,2.8
209,16,Burger,15,39,5,1,1,Clear,0,1,2.2857142857142856
210,16,Fried Rice,19,57,4,1,0,Clear,1,0,2.6666666666666665
211,8,Burger,18,30,1,1,0,Cloudy,1,0,1.6666666666666667
212,6,Fried Rice,2,24,5,1,0,Rainy,0,0,3.0
213,7,Sandwich,17,41,2,1,1,Rainy,0,1,2.3333333333333335
214,2,Pasta,2,44,4,0,0,Rainy,0,0,3.857142857142857
215,16,Burger,1,40,3,1,0,Cloudy,0,0,3.2
216,9,Fried Rice,5,29,5,0,1,Clear,0,0,2.7
217,19,Pizza,21,48,4,1,0,Rainy,1,0,2.4444444444444446
218,11,Burger,15,52,1,0,1,Clear,0,0,1.0
219,19,Pizza,1,54,4,1,1,Clear,0,1,3.5714285714285716
220,12,Pasta,0,47,3,0,1,Rainy,0,0,2.6
221,4,Pizza,17,56,1,1,1,Rainy,0,1,2.857142857142857
222,11,Biryani,19,24,1,1,0,Cloudy,1,0,1.4
223,9,Fried Rice,22,48,2,1,0,Rainy,1,0,2.5714285714285716
224,14,Pizza,1,35,2,1,0,Clear,0,0,3.0
225,6,Pizza,15,33,1,1,0,Cloudy,0,0,2.8
226,12,Fried Rice,13,45,4,1,0,Clear,0,0,3.5
227,14,Fried Rice,14,44,5,0,0,Clear,0,0,3.2
228,6,Sandwich,18,31,3,1,1,Cloudy,1,1,3.3333333333333335
229,16,Sandwich,18,56,5,1,1,Cloudy,1,1,2.8
230,2,Biryani,12,27,3,1,1,Clear,0,1,2.0
231,10,Sandwich,9,36,2,1,1,Cloudy,0,1,3.0
232,3,Burger,9,37,4,1,0,Rainy,0,0,3.3333333333333335
233,18,Fried Rice,7,48,5,1,0,Cloudy,0,0,3.0
234,4,Pasta,1,25,2,0,1,Clear,0,0,3.0
235,12,Sandwich,21,32,3,1,0,Clear,1,0,2.8333333333333335
236,5,Burger,9,32,1,0,0,Clear,0,0,3.5
237,2,Burger,9,33,2,1,0,Rainy,0,0,2.75
238,15,Pasta,9,51,5,1,1,Rainy,0,1,4.5
239,10,Pasta,15,20,4,0,1,Cloudy,0,0,1.875
240,7,Fried Rice,23,56,3,0,1,Rainy,0,0,3.0
241,8,Pizza,1,41,3,0,1,Rainy,0,0,3.5
242,19,Sandwich,8,53,2,1,1,Clear,0,1,2.375
243,15,Pasta,2,39,1,0,1,Cloudy,0,0,3.0
244,4,Burger,22,21,1,1,0,Clear,1,0,3.0
245,1,Pizza,2,47,2,0,1,Rainy,0,0,3.5
246,12,Pizza,11,52,5,0,0,Cloudy,0,0,2.75
247,14,Biryani,19,32,4,0,1,Cloudy,1,0,3.3333333333333335
248,13,Sandwich,1,31,1,0,0,Rainy,0,0,2.4
249,6,Pasta,13,43,5,0,0,Cloudy,0,0,5.0
250,11,Pasta,6,58,2,1,1,Clear,0,1,2.375
251,9,Fried Rice,14,56,3,0,0,Rainy,0,0,3.0
252,12,Fried Rice,4,22,3,1,1,Clear,0,1,3.2
253,17,Fried Rice,0,27,4,0,1,Clear,0,0,3.5
254,11,Pasta,4,48,3,0,0,Clear,0,0,3.4
255,3,Fried Rice,0,23,2,1,0,Cloudy,0,0,2.6666666666666665
256,7,Fried Rice,3,26,3,0,0,Clear,0,0,2.5
257,17,Burger,22,30,1,0,1,Rainy,1,0,2.2
258,1,Biryani,10,59,1,0,0,Clear,0,0,2.75
259,19,Sandwich,16,32,4,0,0,Rainy,0,0,4.0
260,15,Sandwich,6,22,4,0,0,Rainy,0,0,3.6666666666666665
261,3,Sandwich,4,41,5,1,0,Rainy,0,0,4.666666666666667
262,1,Sandwich,7,31,3,0,0,Cloudy,0,0,4.2
263,12,Fried Rice,23,49,5,0,1,Clear,0,0,3.2857142857142856
264,17,Pasta,5,21,2,1,1,Clear,0,1,3.0
265,19,Pasta,3,32,2,1,1,Cloudy,0,1,3.6666666666666665
266,6,Pizza,11,51,2,1,0,Cloudy,0,0,2.8333333333333335
267,11,Pasta,0,58,2,1,0,Rainy,0,0,2.4285714285714284
268,17,Biryani,2,40,2,0,0,Clear,0,0,2.5
269,12,Biryani,11,50,4,0,0,Cloudy,0,0,2.75
270,6,Pasta,23,39,3,1,1,Clear,0,1,2.6666666666666665
271,3,Fried Rice,5,31,1,1,0,Cloudy,0,0,3.4
272,15,Pasta,11,59,1,0,1,Rainy,0,0,3.0
273,6,Biryani,21,33,2,1,1,Clear,1,1,3.6666666666666665
274,6,Pasta,4,50,4,1,1,Cloudy,0,1,3.4
275,14,Pasta,14,20,1,0,0,Cloudy,0,0,3.2
276,18,Burger,10,59,1,1,0,Cloudy,0,0,1.75
277,12,Biryani,7,42,4,0,0,Clear,0,0,4.0
278,2,Pasta,17,26,3,0,0,Rainy,0,0,2.6666666666666665
279,12,Biryani,0,25,3,1,0,Cloudy,0,0,2.6
280,3,Pizza,19,37,5,0,0,Clear,1,0,2.6666666666666665
281,15,Pasta,13,38,5,0,1,Clear,0,0,3.2
282,14,Biryani,17,29,5,1,1,Clear,0,1,3.75
283,18,Fried Rice,12,35,3,1,0,Cloudy,0,0,2.769230769230769
284,18,Pasta,11,24,1,0,1,Rainy,0,0,3.3333333333333335
285,10,Pasta,7,44,3,0,0,Cloudy,0,0,3.6666666666666665
286,6,Pizza,7,52,3,1,1,Clear,0,1,3.2
287,2,Fried Rice,18,56,3,1,0,Clear,1,0,2.6666666666666665
288,13,Biryani,5,59,1,1,1,Cloudy,0,1,3.142857142857143
289,4,Pasta,23,40,3,1,1,Clear,0,1,3.4444444444444446
290,16,Biryani,11,35,5,1,1,Cloudy,0,1,3.7142857142857144
291,8,Burger,9,52,2,1,1,Cloudy,0,1,2.6
292,3,Pasta,3,27,1,1,0,Cloudy,0,0,3.0
293,11,Pizza,14,45,3,0,1,Rainy,0,0,3.8
294,13,Fried Rice,23,35,1,0,0,Clear,0,0,2.6666666666666665
295,15,Pasta,7,30,1,1,0,Rainy,0,0,1.8571428571428572
296,10,Biryani,21,31,1,1,0,Rainy,1,0,2.4
297,18,Pasta,9,58,5,0,0,Cloudy,0,0,5.0
298,19,Pizza,19,40,5,1,1,Cloudy,1,1,3.0
299,6,Burger,11,54,1,0,1,Cloudy,0,0,2.8333333333333335
300,16,Pasta,5,29,2,1,1,Clear,0,1,3.0
301,2,Biryani,22,32,2,1,0,Clear,1,0,2.6
302,1,Fried Rice,13,38,3,1,1,Cloudy,0,1,2.5
303,7,Burger,6,44,3,1,0,Clear,0,0,3.5
304,11,Sandwich,21,34,3,1,1,Clear,1,1,2.75
305,6,Biryani,3,47,1,1,0,Rainy,0,0,2.75
306,7,Pizza,4,38,2,1,0,Clear,0,0,3.5
307,6,Pizza,1,58,3,0,1,Cloudy,0,0,2.0
308,15,Sandwich,13,36,1,1,1,Cloudy,0,1,3.2
309,11,Pasta,5,32,3,0,0,Clear,0,0,2.8
310,18,Pasta,22,24,2,1,0,Clear,1,0,3.125
311,6,Fried Rice,11,46,1,1,1,Cloudy,0,1,2.8333333333333335
312,15,Burger,10,24,3,1,0,Cloudy,0,0,3.0
313,19,Pizza,0,28,5,0,0,Rainy,0,0,3.375
314,10,Biryani,21,20,1,1,0,Clear,1,0,2.4
315,12,Burger,21,24,4,0,0,Clear,1,0,2.8333333333333335
316,13,Sandwich,13,34,2,1,1,Clear,0,1,3.0
317,6,Fried Rice,5,29,4,1,1,Cloudy,0,1,2.3333333333333335
318,13,Biryani,7,49,2,0,0,Rainy,0,0,2.8
319,6,Fried Rice,19,32,2,1,1,Cloudy,1,1,2.0
320,8,Biryani,0,28,3,1,0,Rainy,0,0,2.3333333333333335
321,4,Sandwich,3,53,4,0,1,Rainy,0,0,3.2857142857142856
322,19,Burger,0,48,5,1,1,Clear,0,1,3.375
323,17,Pizza,10,47,4,0,0,Clear,0,0,3.25
324,11,Pasta,20,37,4,1,1,Cloudy,1,1,3.3333333333333335
325,18,Burger,23,22,5,1,0,Rainy,0,0,2.75
326,9,Sandwich,6,59,4,1,0,Rainy,0,0,3.0
327,19,Pasta,23,30,5,1,0,Clear,0,0,3.25
328,2,Burger,14,38,3,0,1,Rainy,0,0,3.6
329,5,Pasta,18,54,2,0,0,Clear,1,0,3.4166666666666665
330,1,Sandwich,13,51,2,0,1,Cloudy,0,0,2.5
331,5,Pizza,8,46,5,0,0,Cloudy,0,0,2.8
332,1,Pasta,11,43,3,1,0,Rainy,0,0,3.25
333,18,Sandwich,17,23,2,1,0,Cloudy,0,0,3.6
334,2,Sandwich,0,28,5,1,1,Rainy,0,1,2.3333333333333335
335,4,Fried Rice,18,28,2,1,1,Cloudy,1,1,1.6666666666666667
336,4,Biryani,22,55,4,1,1,Rainy,1,1,3.0
337,17,Pasta,12,51,1,1,0,Clear,0,0,3.1666666666666665
338,11,Pizza,3,46,1,1,1,Rainy,0,1,1.0
339,14,Fried Rice,2,23,4,0,0,Cloudy,0,0,2.8333333333333335
340,7,Biryani,4,23,3,1,0,Clear,0,0,3.5
341,4,Pasta,11,55,2,1,0,Rainy,0,0,3.0
342,16,Pasta,15,59,2,0,1,Cloudy,0,0,2.2857142857142856
343,7,Pizza,22,58,1,1,0,Cloudy,1,0,3.8333333333333335
344,9,Fried Rice,19,28,1,0,1,Clear,1,0,2.3333333333333335
345,13,Pizza,3,58,2,1,1,Clear,0,1,2.0
346,14,Pasta,1,55,4,1,0,Cloudy,0,0,3.0
347,13,Pizza,7,57,3,0,1,Cloudy,0,0,2.8
348,5,Pizza,20,34,4,0,0,Rainy,1,0,2.6
349,6,Biryani,15,21,5,1,0,Cloudy,0,0,2.8
350,11,Sandwich,12,43,4,1,1,Rainy,0,1,3.625
351,6,Sandwich,5,50,1,0,1,Clear,0,0,2.3333333333333335
352,19,Pizza,7,39,5,0,1,Clear,0,0,4.0
353,11,Sandwich,11,53,2,0,1,Cloudy,0,0,3.0
354,1,Biryani,8,39,2,0,0,Cloudy,0,0,2.25
355,5,Biryani,4,56,4,1,0,Rainy,0,0,3.75
356,13,Pasta,0,58,5,1,1,Cloudy,0,1,3.0
357,16,Pasta,1,25,2,0,1,Rainy,0,0,3.2
358,6,Burger,6,29,5,0,0,Clear,0,0,3.25
359,3,Pizza,21,20,3,1,0,Rainy,1,0,3.1666666666666665
360,10,Burger,10,45,5,1,0,Clear,0,0,3.0
361,7,Pasta,12,49,5,0,1,Clear,0,0,4.5
362,2,Pasta,5,33,3,1,0,Clear,0,0,4.0
363,17,Pasta,9,22,5,1,0,Rainy,0,0,3.3333333333333335
364,13,Fried Rice,12,51,4,1,0,Clear,0,0,3.3333333333333335
365,2,Sandwich,10,47,4,0,1,Rainy,0,0,3.1666666666666665
366,8,Burger,6,40,1,0,1,Rainy,0,0,3.5
367,17,Sandwich,9,43,1,1,0,Cloudy,0,0,3.3333333333333335
368,9,Pasta,17,34,2,1,0,Cloudy,0,0,2.6
369,8,Fried Rice,21,55,3,1,1,Rainy,1,1,3.75
370,16,Burger,16,23,3,1,1,Rainy,0,1,3.0
371,18,Fried Rice,13,58,2,1,1,Cloudy,0,1,3.1666666666666665
372,19,Sandwich,11,43,1,1,1,Rainy,0,1,2.0
373,6,Biryani,11,29,5,0,1,Clear,0,0,2.8333333333333335
374,7,Burger,2,25,4,0,1,Rainy,0,0,3.25
375,4,Pizza,3,20,2,0,0,Clear,0,0,3.2857142857142856
376,4,Biryani,16,54,4,1,1,Clear,0,1,4.0
377,17,Sandwich,16,44,4,0,1,Clear,0,0,3.2857142857142856
378,3,Pasta,21,33,4,0,1,Clear,1,0,3.1666666666666665
379,14,Pizza,8,31,2,0,0,Clear,0,0,3.0
380,1,Pizza,19,41,2,0,0,Clear,1,0,2.6
381,11,Pasta,22,49,4,0,0,Cloudy,1,0,3.0
382,8,Biryani,22,54,3,1,0,Rainy,1,0,3.0
383,1,Biryani,10,32,4,0,1,Rainy,0,0,2.75
384,17,Pizza,14,56,5,0,1,Cloudy,0,0,2.75
385,15,Pizza,14,56,5,1,0,Rainy,0,0,2.4285714285714284
386,5,Fried Rice,8,49,1,1,0,Cloudy,0,0,2.8
387,5,Pizza,21,48,5,1,1,Rainy,1,1,5.0
388,16,Pizza,23,48,4,1,1,Clear,0,1,2.8333333333333335
389,16,Burger,8,52,5,0,1,Rainy,0,0,3.2
390,3,Burger,9,39,2,1,1,Clear,0,1,3.3333333333333335
391,1,Pasta,16,22,3,0,0,Rainy,0,0,4.333333333333333
392,15,Pizza,23,39,4,1,1,Cloudy,0,1,3.3333333333333335
393,3,Fried Rice,16,40,5,0,1,Cloudy,0,0,2.5
394,13,Biryani,19,34,3,0,1,Clear,1,0,2.8
395,2,Burger,1,24,4,1,0,Clear,0,0,2.8
396,4,Fried Rice,11,57,5,0,0,Cloudy,0,0,3.0
397,5,Pizza,6,24,1,0,1,Rainy,0,0,2.0
398,19,Sandwich,17,59,4,0,1,Rainy,0,0,4.5
399,3,Pizza,15,42,5,0,1,Clear,0,0,3.5
400,9,Fried Rice,8,46,3,1,0,Cloudy,0,0,3.0
401,6,Burger,10,57,5,1,1,Clear,0,1,3.6
402,17,Sandwich,20,45,3,0,0,Rainy,1,0,2.625
403,17,Biryani,23,24,1,0,0,Clear,0,0,1.8
404,13,Sandwich,23,46,4,0,0,Rainy,0,0,2.6666666666666665
405,3,Burger,21,54,5,0,0,Clear,1,0,3.1666666666666665
406,4,Pasta,19,40,5,0,1,Rainy,1,0,4.5
407,2,Pasta,0,52,1,1,1,Clear,0,1,2.3333333333333335
408,9,Burger,10,33,5,1,0,Clear,0,0,3.0
409,6,Fried Rice,4,56,2,1,0,Cloudy,0,0,3.4
410,3,Sandwich,17,56,2,1,1,Rainy,0,1,3.0
411,17,Fried Rice,0,49,4,1,0,Cloudy,0,0,3.5
412,19,Fried Rice,2,35,4,0,1,Rainy,0,0,3.4
413,12,Sandwich,19,28,5,1,1,Clear,1,1,3.2
414,2,Pizza,1,29,4,0,1,Clear,0,0,2.8
415,17,Burger,3,51,5,1,0,Cloudy,0,0,2.8333333333333335
416,7,Burger,11,44,3,0,1,Cloudy,0,0,3.4
417,17,Pasta,7,26,3,1,1,Rainy,0,1,3.0
418,8,Sandwich,0,44,3,0,1,Clear,0,0,2.3333333333333335
419,10,Sandwich,6,21,2,0,0,Rainy,0,0,2.0
420,7,Pasta,21,45,4,1,0,Cloudy,1,0,2.8333333333333335
421,2,Sandwich,8,46,2,0,0,Cloudy,0,0,2.5
422,14,Sandwich,17,54,2,0,1,Cloudy,0,0,3.75
423,5,Biryani,22,53,4,1,0,Cloudy,1,0,2.6
424,16,Pasta,21,55,5,1,1,Cloudy,1,1,5.0
425,6,Pasta,6,26,4,0,1,Cloudy,0,0,3.25
426,9,Burger,16,30,1,1,1,Cloudy,0,1,3.142857142857143
427,17,Sandwich,13,25,1,0,1,Clear,0,0,3.0
428,11,Pizza,2,51,1,0,0,Clear,0,0,3.3333333333333335
429,15,Sandwich,4,22,5,0,0,Cloudy,0,0,5.0
430,9,Fried Rice,2,50,3,1,1,Cloudy,0,1,2.6666666666666665
431,4,Biryani,17,43,4,1,0,Cloudy,0,0,2.857142857142857
432,5,Sandwich,22,44,1,0,1,Clear,1,0,2.6
433,1,Burger,14,55,4,1,0,Rainy,0,0,4.5
434,3,Biryani,11,32,1,1,1,Rainy,0,1,2.5
435,3,Fried Rice,8,26,5,1,0,Cloudy,0,0,3.6
436,6,Burger,23,28,3,1,0,Clear,0,0,2.6666666666666665
437,14,Burger,17,33,3,1,0,Rainy,0,0,3.75
438,13,Burger,10,56,1,1,1,Clear,0,1,3.4
439,3,Fried Rice,1,45,3,1,0,Rainy,0,0,2.8
440,19,Burger,18,24,4,0,0,Cloudy,1,0,3.3333333333333335
441,9,Burger,16,46,5,0,0,Rainy,0,0,3.142857142857143
442,18,Burger,6,28,1,1,0,Rainy,0,0,2.0
443,15,Biryani,8,30,4,0,1,Clear,0,0,3.5
444,15,Pizza,12,48,4,1,1,Cloudy,0,1,2.6
445,9,Fried Rice,13,46,4,0,0,Rainy,0,0,3.6666666666666665
446,16,Fried Rice,15,36,1,0,0,Clear,0,0,2.2857142857142856
447,2,Fried Rice,2,59,3,0,1,Rainy,0,0,3.857142857142857
448,9,Fried Rice,9,37,5,0,1,Cloudy,0,0,3.375
449,3,Sandwich,10,30,4,1,0,Clear,0,0,3.0
450,18,Burger,3,46,5,1,0,Cloudy,0,0,4.0
451,3,Sandwich,15,28,4,1,0,Clear,0,0,3.5
452,16,Biryani,10,43,3,1,1,Cloudy,0,1,2.5
453,10,Burger,15,38,2,0,0,Clear,0,0,1.875
454,3,Pasta,8,57,1,1,0,Rainy,0,0,3.6
455,18,Pasta,4,33,4,0,0,Rainy,0,0,2.3333333333333335
456,7,Biryani,2,33,3,1,0,Rainy,0,0,3.25
457,10,Sandwich,17,56,4,0,1,Clear,0,0,2.75
458,10,Pizza,13,47,1,0,1,Rainy,0,0,3.2
459,11,Pasta,7,44,3,0,0,Clear,0,0,2.75
460,8,Biryani,13,51,3,1,1,Cloudy,0,1,2.3333333333333335
461,3,Burger,13,25,1,0,1,Clear,0,0,1.5
462,14,Biryani,19,51,1,1,1,Rainy,1,1,3.3333333333333335
463,6,Biryani,5,31,2,1,1,Rainy,0,1,2.3333333333333335
464,11,Pasta,19,51,1,0,0,Cloudy,1,0,1.4
465,8,Pizza,19,45,1,1,0,Rainy,1,0,2.8
466,6,Burger,4,51,4,1,1,Clear,0,1,3.4
467,14,Burger,10,50,3,0,0,Cloudy,0,0,3.8
468,10,Biryani,15,21,1,1,0,Cloudy,0,0,1.875
469,6,Fried Rice,1,29,1,0,0,Cloudy,0,0,2.0
470,6,Biryani,9,25,4,1,1,Rainy,0,1,3.2222222222222223
471,8,Biryani,13,49,2,0,1,Rainy,0,0,2.3333333333333335
472,3,Fried Rice,18,56,5,0,1,Rainy,1,0,2.4
473,16,Pasta,4,24,5,0,0,Cloudy,0,0,3.5
474,2,Fried Rice,7,55,5,0,1,Rainy,0,0,3.25
475,5,Burger,17,52,3,1,0,Clear,0,0,2.142857142857143
476,9,Biryani,12,21,4,1,1,Rainy,0,1,3.3333333333333335
477,13,Sandwich,15,50,4,0,1,Rainy,0,0,2.6666666666666665
478,12,Pizza,19,42,3,0,1,Clear,1,0,3.2
479,13,Pizza,9,22,5,0,0,Clear,0,0,3.8333333333333335
480,18,Pizza,20,29,1,0,1,Cloudy,1,0,3.2
481,1,Pizza,15,20,5,1,1,Cloudy,0,1,4.25
482,13,Pizza,20,23,3,1,1,Cloudy,1,1,3.0
483,2,Biryani,0,46,3,0,1,Cloudy,0,0,2.3333333333333335
484,1,Biryani,2,36,5,1,0,Cloudy,0,0,3.5
485,6,Sandwich,16,21,5,0,1,Rainy,0,0,4.333333333333333
486,5,Pasta,8,43,3,0,1,Cloudy,0,0,2.8
487,18,Sandwich,11,38,1,1,1,Cloudy,0,1,3.3333333333333335
488,17,Pasta,3,21,5,1,1,Rainy,0,1,2.8333333333333335
489,18,Biryani,22,37,4,0,1,Clear,1,0,3.125
490,13,Burger,18,27,2,1,0,Rainy,1,0,2.0
491,16,Fried Rice,15,47,1,0,0,Rainy,0,0,2.2857142857142856
492,1,Sandwich,6,31,3,0,1,Rainy,0,0,2.5
493,9,Pizza,21,52,3,0,1,Cloudy,1,0,2.888888888888889
494,15,Pasta,19,55,1,1,0,Rainy,1,0,2.8181818181818183
495,15,Burger,22,53,3,1,1,Rainy,1,1,2.75
496,19,Burger,12,43,1,0,0,Clear,0,0,3.0
497,9,Sandwich,3,33,2,0,1,Rainy,0,0,2.0
498,9,Pizza,5,57,1,1,0,Clear,0,0,2.7
499,14,Pasta,15,47,2,0,0,Cloudy,0,0,2.5
500,16,Sandwich,2,39,3,1,1,Rainy,0,1,3.1666666666666665
501,6,Biryani,5,22,1,0,0,Cloudy,0,0,2.3333333333333335
502,15,Burger,13,43,1,0,0,Clear,0,0,3.2
503,5,Pizza,17,22,3,0,0,Rainy,0,0,2.142857142857143
504,14,Biryani,15,30,4,0,0,Cloudy,0,0,2.5
505,12,Pizza,1,55,2,1,1,Cloudy,0,1,3.5
506,7,Pizza,7,54,2,0,0,Rainy,0,0,2.0
507,7,Biryani,5,32,2,0,0,Cloudy,0,0,3.1666666666666665
508,5,Biryani,3,39,3,0,1,Cloudy,0,0,3.5
509,3,Biryani,12,30,4,1,0,Cloudy,0,0,3.2
510,17,Fried Rice,2,48,5,1,1,Clear,0,1,2.5
511,18,Sandwich,23,54,1,1,0,Clear,0,0,2.75
512,13,Burger,18,42,1,0,0,Rainy,1,0,2.0
513,12,Sandwich,13,56,4,1,0,Clear,0,0,3.5
514,10,Pasta,19,42,2,1,1,Clear,1,1,2.6666666666666665
515,19,Burger,7,31,2,1,0,Clear,0,0,4.0
516,10,Fried Rice,8,40,3,1,0,Cloudy,0,0,2.5
517,13,Fried Rice,3,20,5,0,1,Rainy,0,0,2.0
518,17,Burger,12,53,4,1,1,Cloudy,0,1,3.1666666666666665
519,5,Fried Rice,19,52,3,1,1,Clear,1,1,3.0
520,9,Pizza,22,51,5,0,0,Rainy,1,0,2.5714285714285716
521,13,Pizza,16,32,4,1,1,Clear,0,1,3.5
522,2,Burger,6,42,3,0,1,Cloudy,0,0,2.6666666666666665
523,10,Sandwich,19,41,2,0,1,Rainy,1,0,2.6666666666666665
524,11,Fried Rice,22,42,3,1,1,Rainy,1,1,3.0
525,5,Burger,3,39,5,1,0,Cloudy,0,0,3.5
526,14,Fried Rice,22,34,1,1,0,Rainy,1,0,2.3333333333333335
527,4,Fried Rice,12,33,1,1,1,Cloudy,0,1,2.8
528,17,Burger,19,29,4,0,1,Rainy,1,0,3.6666666666666665
529,19,Pasta,12,50,4,1,1,Cloudy,0,1,3.0
530,4,Burger,23,56,3,0,1,Clear,0,0,3.4444444444444446
531,6,Fried Rice,23,32,1,1,1,Cloudy,0,1,2.6666666666666665
532,16,Biryani,2,37,5,1,0,Rainy,0,0,3.1666666666666665
533,2,Sandwich,7,23,2,0,0,Clear,0,0,3.25
534,17,Fried Rice,5,29,5,0,1,Cloudy,0,0,3.0
535,18,Biryani,10,39,1,1,0,Clear,0,0,1.75
536,11,Pizza,21,31,2,1,0,Clear,1,0,2.75
537,14,Pasta,19,53,2,0,1,Rainy,1,0,3.3333333333333335
538,6,Sandwich,17,46,2,0,1,Cloudy,0,0,3.0
539,17,Pizza,12,25,1,0,0,Rainy,0,0,3.1666666666666665
540,3,Biryani,23,49,5,0,0,Rainy,0,0,3.4
541,18,Pizza,12,39,3,1,1,Clear,0,1,2.769230769230769
542,13,Sandwich,5,46,5,0,1,Clear,0,0,3.142857142857143
543,17,Pizza,16,53,2,0,0,Rainy,0,0,3.2857142857142856
544,11,Fried Rice,4,37,4,1,1,Clear,0,1,3.4
545,14,Sandwich,10,57,2,1,1,Clear,0,1,3.8
546,15,Burger,12,28,4,0,1,Clear,0,0,2.6
547,2,Burger,17,58,2,1,1,Cloudy,0,1,2.6666666666666665
548,14,Sandwich,15,49,2,0,0,Rainy,0,0,2.5
549,5,Burger,13,23,2,1,1,Clear,0,1,2.25
550,11,Sandwich,13,43,1,1,1,Cloudy,0,1,3.0
551,5,Biryani,18,52,5,0,1,Clear,1,0,3.4166666666666665
552,17,Sandwich,1,37,2,0,0,Cloudy,0,0,2.142857142857143
553,3,Biryani,19,36,2,1,0,Clear,1,0,2.6666666666666665
554,14,Sandwich,14,37,4,1,1,Rainy,0,1,3.2
555,2,Fried Rice,9,41,3,1,1,Cloudy,0,1,2.75
556,12,Pizza,16,42,1,1,0,Clear,0,0,3.2
557,16,Sandwich,10,38,2,1,0,Clear,0,0,2.5
558,19,Fried Rice,2,27,3,1,0,Clear,0,0,3.4
559,10,Fried Rice,5,47,2,0,0,Cloudy,0,0,3.0
560,18,Sandwich,20,48,4,0,1,Clear,1,0,3.2
561,11,Biryani,23,20,1,0,0,Clear,0,0,2.888888888888889
562,11,Pizza,10,42,5,1,0,Rainy,0,0,3.1666666666666665
563,15,Biryani,8,59,5,0,1,Cloudy,0,0,3.5
564,15,Burger,17,52,3,1,0,Cloudy,0,0,3.0
565,11,Fried Rice,0,57,1,1,0,Clear,0,0,2.4285714285714284
566,9,Burger,3,27,4,1,0,Clear,0,0,2.0
567,5,Fried Rice,12,22,5,0,1,Rainy,0,0,2.8333333333333335
568,17,Biryani,8,47,1,1,0,Cloudy,0,0,3.0
569,5,Biryani,8,48,5,0,1,Cloudy,0,0,2.8
570,6,Burger,16,49,4,0,0,Clear,0,0,4.333333333333333
571,1,Pizza,23,52,3,1,1,Clear,0,1,2.75
572,19,Sandwich,21,50,2,0,0,Cloudy,1,0,2.4444444444444446
573,18,Sandwich,8,48,1,1,0,Cloudy,0,0,2.25
574,4,Sandwich,21,59,1,1,0,Cloudy,1,0,2.6666666666666665
575,8,Burger,21,26,4,0,0,Cloudy,1,0,3.75
576,8,Sandwich,17,29,1,0,0,Clear,0,0,2.6666666666666665
577,18,Burger,13,20,4,0,1,Cloudy,0,0,3.1666666666666665
578,10,Biryani,6,26,2,0,1,Cloudy,0,0,2.0
579,5,Pasta,15,38,1,0,1,Cloudy,0,0,2.5
580,19,Sandwich,3,56,4,0,1,Cloudy,0,0,3.6666666666666665
581,16,Sandwich,2,52,3,1,0,Cloudy,0,0,3.1666666666666665
582,17,Biryani,0,54,4,0,0,Rainy,0,0,3.5
583,9,Burger,3,49,1,0,1,Rainy,0,0,2.0
584,3,Sandwich,5,25,5,1,0,Clear,0,0,3.4
585,7,Biryani,12,45,3,0,0,Clear,0,0,4.5
586,17,Biryani,16,20,4,1,1,Rainy,0,1,3.2857142857142856
587,3,Pasta,14,21,5,1,0,Clear,0,0,3.3333333333333335
588,10,Pizza,19,33,3,0,0,Rainy,1,0,2.6666666666666665
589,14,Pizza,12,34,5,1,1,Clear,0,1,3.2
590,12,Burger,11,25,1,0,0,Rainy,0,0,2.75
591,15,Pasta,19,38,3,1,0,Cloudy,1,0,2.8181818181818183
592,2,Biryani,15,26,2,0,0,Clear,0,0,2.7142857142857144
593,9,Pasta,17,37,5,0,1,Rainy,0,0,2.6
594,14,Pizza,5,27,2,1,1,Cloudy,0,1,2.6
595,11,Pizza,20,56,2,0,1,Cloudy,1,0,3.3333333333333335
596,18,Pasta,2,34,5,0,1,Cloudy,0,0,3.6666666666666665
597,4,Fried Rice,8,40,4,1,1,Cloudy,0,1,3.625
598,9,Pasta,19,43,3,0,1,Clear,1,0,2.3333333333333335
599,13,Pizza,22,56,3,1,1,Clear,1,1,3.0
600,9,Pasta,11,35,2,1,0,Cloudy,0,0,2.3333333333333335
601,3,Burger,10,39,1,1,0,Cloudy,0,0,3.0
602,16,Burger,14,43,5,0,1,Rainy,0,0,4.25
603,19,Pizza,5,58,2,0,0,Cloudy,0,0,3.0
604,6,Fried Rice,11,54,3,1,0,Rainy,0,0,2.8333333333333335
605,3,Sandwich,21,34,1,1,0,Cloudy,1,0,3.1666666666666665
606,13,Sandwich,4,40,3,1,1,Cloudy,0,1,3.3333333333333335
607,5,Burger,12,25,1,1,1,Clear,0,1,2.8333333333333335
608,4,Burger,15,36,2,1,1,Cloudy,0,1,2.0
609,10,Sandwich,6,34,1,1,1,Clear,0,1,2.0
610,16,Sandwich,23,21,2,1,0,Cloudy,0,0,2.8333333333333335
611,11,Burger,11,30,3,0,1,Clear,0,0,3.0
612,10,Sandwich,23,56,1,0,0,Rainy,0,0,1.75
613,11,Pizza,0,28,2,1,1,Clear,0,1,2.4285714285714284
614,7,Sandwich,3,21,5,0,1,Clear,0,0,2.5
615,1,Burger,20,34,5,0,1,Clear,1,0,3.6
616,9,Pizza,23,39,4,0,1,Cloudy,0,0,3.25
617,2,Burger,9,43,2,1,1,Rainy,0,1,2.75
618,2,Pasta,3,51,1,1,1,Clear,0,1,2.8333333333333335
619,9,Pasta,2,24,2,0,0,Cloudy,0,0,2.6666666666666665
620,4,Burger,22,49,3,0,0,Clear,1,0,3.0
621,8,Burger,12,23,2,0,1,Clear,0,0,3.0
622,15,Pasta,3,53,2,1,1,Rainy,0,1,2.25
623,1,Burger,16,51,5,0,0,Rainy,0,0,4.333333333333333
624,3,Pizza,17,32,4,1,1,Clear,0,1,3.0
625,5,Pasta,23,53,3,1,1,Clear,0,1,3.25
626,4,Pizza,14,40,3,0,0,Rainy,0,0,3.5
627,3,Burger,14,44,5,1,1,Cloudy,0,1,3.3333333333333335
628,2,Pasta,17,44,1,0,1,Rainy,0,0,2.6666666666666665
629,2,Pasta,3,57,5,1,0,Cloudy,0,0,2.8333333333333335
630,11,Pizza,2,43,4,0,0,Cloudy,0,0,3.3333333333333335
631,1,Burger,17,20,2,1,0,Rainy,0,0,3.1666666666666665
632,7,Sandwich,12,44,5,1,0,Rainy,0,0,4.5
633,13,Burger,15,22,1,0,0,Cloudy,0,0,2.6666666666666665
634,1,Burger,15,30,4,1,0,Rainy,0,0,4.25
635,4,Fried Rice,13,52,1,1,1,Cloudy,0,1,2.4
636,13,Biryani,4,38,3,0,1,Rainy,0,0,3.3333333333333335
637,17,Pizza,10,21,5,1,0,Clear,0,0,3.25
638,8,Biryani,4,25,3,0,0,Rainy,0,0,3.0
639,11,Pizza,19,55,2,0,0,Rainy,1,0,1.4
640,4,Pizza,8,43,3,0,1,Cloudy,0,0,3.625
641,8,Sandwich,20,55,4,1,0,Clear,1,0,4.0
642,10,Pasta,2,56,3,1,0,Cloudy,0,0,2.6666666666666665
643,13,Biryani,15,27,1,1,1,Rainy,0,1,2.6666666666666665
644,5,Fried Rice,14,39,3,0,0,Clear,0,0,2.75
645,10,Pizza,0,36,5,1,0,Rainy,0,0,3.8
646,17,Sandwich,18,36,5,0,1,Cloudy,1,0,3.5
647,9,Biryani,3,20,2,1,1,Clear,0,1,2.0
648,6,Sandwich,9,29,3,1,0,Cloudy,0,0,3.2222222222222223
649,7,Burger,3,31,1,0,0,Rainy,0,0,2.5
650,15,Pizza,3,30,3,1,0,Cloudy,0,0,2.25
651,10,Fried Rice,9,35,1,1,1,Clear,0,1,3.0
652,12,Biryani,10,43,2,1,1,Cloudy,0,1,2.625
653,18,Pasta,2,37,3,0,0,Cloudy,0,0,3.6666666666666665
654,3,Burger,11,50,4,1,1,Clear,0,1,2.5
655,17,Sandwich,18,29,3,0,0,Clear,1,0,3.5
656,12,Pizza,22,55,3,0,1,Rainy,1,0,2.5
657,6,Sandwich,6,31,3,1,1,Cloudy,0,1,3.25
658,2,Pasta,23,59,1,1,1,Rainy,0,1,2.5555555555555554
659,1,Sandwich,14,24,5,0,0,Clear,0,0,4.5
660,2,Sandwich,15,40,4,1,1,Rainy,0,1,2.7142857142857144
661,12,Biryani,10,39,2,1,1,Clear,0,1,2.625
662,3,Pizza,9,38,4,0,0,Cloudy,0,0,3.3333333333333335
663,17,Fried Rice,16,32,4,0,1,Cloudy,0,0,3.2857142857142856
664,16,Sandwich,18,29,2,1,0,Cloudy,1,0,2.8
665,11,Biryani,12,47,4,1,0,Cloudy,0,0,3.625
666,7,Fried Rice,10,43,3,1,1,Cloudy,0,1,4.25
667,17,Pasta,5,26,3,1,0,Clear,0,0,3.0
668,6,Biryani,9,30,2,1,0,Clear,0,0,3.2222222222222223
669,4,Sandwich,21,25,5,1,1,Clear,1,1,2.6666666666666665
670,13,Fried Rice,19,21,5,0,1,Rainy,1,0,2.8
671,8,Fried Rice,23,25,1,1,1,Clear,0,1,2.625
672,7,Burger,16,25,5,0,1,Rainy,0,0,3.5714285714285716
673,5,Fried Rice,13,49,3,0,1,Clear,0,0,2.25
674,18,Fried Rice,3,34,3,0,0,Rainy,0,0,4.0
675,13,Burger,21,25,1,0,1,Rainy,1,0,3.5
676,7,Burger,4,30,3,1,0,Clear,0,0,3.5
677,12,Pasta,22,51,2,1,0,Clear,1,0,2.5
678,1,Fried Rice,7,38,3,0,0,Rainy,0,0,4.2
679,9,Pizza,16,55,3,1,0,Cloudy,0,0,3.142857142857143
680,3,Biryani,12,44,1,0,1,Clear,0,0,3.2
681,12,Biryani,10,40,1,0,0,Rainy,0,0,2.625
682,2,Pizza,3,33,4,1,0,Rainy,0,0,2.8333333333333335
683,1,Burger,2,34,4,0,1,Rainy,0,0,3.5
684,17,Pasta,18,25,4,0,0,Clear,1,0,3.5
685,9,Sandwich,21,29,2,1,0,Rainy,1,0,2.888888888888889
686,1,Pizza,3,54,2,1,1,Clear,0,1,1.75
687,5,Fried Rice,3,48,1,1,1,Cloudy,0,1,3.5
688,1,Biryani,20,38,4,1,1,Rainy,1,1,3.6
689,16,Biryani,16,21,2,0,1,Cloudy,0,0,3.0
690,13,Fried Rice,5,53,2,1,0,Cloudy,0,0,3.142857142857143
691,17,Pasta,8,48,5,1,0,Clear,0,0,3.0
692,13,Pasta,22,59,2,0,0,Cloudy,1,0,3.0
693,2,Fried Rice,19,40,5,1,1,Cloudy,1,1,4.5
694,8,Burger,18,41,3,0,0,Clear,1,0,1.6666666666666667
695,10,Burger,6,48,3,1,0,Rainy,0,0,2.0
696,6,Pasta,17,27,3,1,0,Clear,0,0,3.0
697,9,Fried Rice,22,57,3,1,1,Cloudy,1,1,2.5714285714285716
698,3,Fried Rice,1,22,2,0,1,Clear,0,0,2.8
699,19,Pasta,20,29,4,1,0,Cloudy,1,0,3.5
700,15,Fried Rice,7,37,1,1,1,Clear,0,1,1.8571428571428572
701,14,Pizza,1,41,3,0,0,Rainy,0,0,3.0
702,12,Burger,21,43,4,1,1,Rainy,1,1,2.8333333333333335
703,9,Biryani,1,46,4,0,1,Clear,0,0,3.0
704,5,Burger,3,32,5,1,0,Cloudy,0,0,3.5
705,18,Sandwich,12,26,1,1,0,Cloudy,0,0,2.769230769230769
706,9,Biryani,13,44,4,1,0,Cloudy,0,0,3.6666666666666665
707,7,Fried Rice,14,37,3,1,0,Clear,0,0,2.5
708,18,Burger,6,53,1,1,1,Cloudy,0,1,2.0
709,2,Pasta,3,55,2,0,0,Rainy,0,0,2.8333333333333335
710,3,Pasta,10,43,2,0,0,Clear,0,0,3.0
711,12,Biryani,18,33,4,1,0,Clear,1,0,3.3333333333333335
712,18,Pasta,13,20,3,0,0,Rainy,0,0,3.1666666666666665
713,19,Fried Rice,1,22,5,1,1,Cloudy,0,1,3.5714285714285716
714,14,Sandwich,20,38,2,1,0,Clear,1,0,3.5
715,17,Biryani,9,58,4,0,0,Rainy,0,0,3.3333333333333335
716,14,Pizza,17,35,3,1,0,Cloudy,0,0,3.75
717,16,Pasta,5,45,1,1,0,Clear,0,0,3.0
718,17,Sandwich,17,54,1,0,1,Cloudy,0,0,2.6666666666666665
719,3,Fried Rice,1,21,1,1,0,Rainy,0,0,2.8
720,2,Burger,22,21,1,1,1,Cloudy,1,1,2.6
721,17,Pizza,15,56,1,0,1,Cloudy,0,0,1.25
722,15,Biryani,8,46,2,0,1,Cloudy,0,0,3.5
723,13,Biryani,21,24,5,0,0,Cloudy,1,0,3.5
724,17,Pizza,0,38,2,0,1,Rainy,0,0,3.5
725,19,Burger,10,48,2,0,0,Cloudy,0,0,2.0
726,18,Pasta,20,37,3,0,1,Rainy,1,0,3.2
727,2,Pasta,6,33,4,1,0,Cloudy,0,0,2.6666666666666665
728,17,Burger,3,31,1,0,1,Cloudy,0,0,2.8333333333333335
729,4,Pasta,17,24,5,1,1,Cloudy,0,1,2.857142857142857
730,16,Pasta,4,41,2,1,0,Clear,0,0,3.5
731,4,Fried Rice,21,22,3,1,1,Clear,1,1,2.6666666666666665
732,11,Pizza,22,24,4,0,0,Rainy,1,0,3.0
733,17,Pasta,14,50,2,0,0,Clear,0,0,2.75
734,8,Sandwich,23,56,4,0,0,Rainy,0,0,2.625
735,5,Pasta,11,55,3,0,1,Clear,0,0,4.0
736,2,Burger,1,58,2,0,1,Clear,0,0,2.8
737,6,Fried Rice,15,38,1,1,0,Cloudy,0,0,2.8
738,10,Sandwich,15,30,1,1,1,Clear,0,1,1.875
739,13,Pasta,6,26,4,1,0,Cloudy,0,0,3.5
740,12,Burger,22,44,4,1,1,Clear,1,1,2.5
741,19,Sandwich,5,46,3,1,1,Cloudy,0,1,3.0
742,17,Burger,19,30,3,1,0,Clear,1,0,3.6666666666666665
743,4,Fried Rice,20,29,1,0,0,Clear,1,0,2.5
744,16,Fried Rice,3,49,3,0,0,Cloudy,0,0,2.5
745,4,Fried Rice,9,22,1,1,1,Cloudy,0,1,2.25
746,15,Biryani,14,37,2,1,0,Cloudy,0,0,2.4285714285714284
747,1,Biryani,19,35,2,0,0,Cloudy,1,0,2.6
748,9,Pasta,9,48,1,1,0,Clear,0,0,3.375
749,5,Fried Rice,7,36,3,0,0,Rainy,0,0,2.25
750,16,Burger,15,44,2,0,0,Rainy,0,0,2.2857142857142856
751,3,Pasta,13,59,2,0,1,Rainy,0,0,1.5
752,18,Pasta,8,31,1,0,0,Rainy,0,0,2.25
753,4,Fried Rice,7,44,3,0,1,Rainy,0,0,3.25
754,1,Fried Rice,7,55,5,1,0,Clear,0,0,4.2
755,2,Pasta,1,27,1,0,0,Cloudy,0,0,2.8
756,9,Biryani,19,52,3,0,0,Clear,1,0,2.3333333333333335
757,12,Sandwich,19,49,3,1,0,Cloudy,1,0,3.2
758,7,Sandwich,21,21,4,1,1,Cloudy,1,1,2.8333333333333335
759,5,Pasta,19,21,4,0,1,Rainy,1,0,3.0
760,14,Pizza,11,31,5,0,1,Clear,0,0,5.0
761,10,Pizza,20,31,4,1,0,Rainy,1,0,3.4
762,16,Sandwich,5,25,3,0,1,Rainy,0,0,3.0
763,2,Biryani,2,29,3,0,0,Clear,0,0,3.857142857142857
764,12,Sandwich,10,59,2,1,1,Rainy,0,1,2.625
765,16,Pasta,17,43,3,1,0,Cloudy,0,0,3.0
766,3,Biryani,18,56,3,1,0,Clear,1,0,2.4
767,17,Sandwich,5,33,2,0,1,Rainy,0,0,3.0
768,5,Sandwich,23,24,4,1,0,Rainy,0,0,3.25
769,15,Sandwich,10,21,3,0,0,Rainy,0,0,3.0
770,12,Sandwich,7,33,4,1,1,Cloudy,0,1,4.0
771,12,Pizza,17,23,1,1,0,Clear,0,0,3.0
772,1,Pizza,1,21,2,0,0,Clear,0,0,3.0
773,18,Pizza,14,29,1,0,0,Cloudy,0,0,2.0
774,14,Sandwich,9,25,3,0,0,Rainy,0,0,3.0
775,16,Pasta,16,57,2,1,1,Cloudy,0,1,3.0
776,9,Fried Rice,2,32,5,0,0,Clear,0,0,2.6666666666666665
777,11,Fried Rice,6,50,4,1,0,Rainy,0,0,2.375
778,3,Burger,18,48,2,0,0,Rainy,1,0,2.4
779,1,Biryani,3,54,1,0,1,Rainy,0,0,1.75
780,7,Pizza,16,42,4,0,0,Clear,0,0,3.5714285714285716
781,5,Pasta,16,51,2,0,1,Clear,0,0,3.25
782,8,Fried Rice,23,20,1,0,1,Cloudy,0,0,2.625
783,17,Biryani,13,57,4,0,0,Cloudy,0,0,3.0
784,19,Sandwich,13,24,4,0,0,Rainy,0,0,3.6
785,4,Burger,8,35,5,1,0,Clear,0,0,3.625
786,16,Biryani,15,45,1,0,0,Rainy,0,0,2.2857142857142856
787,11,Biryani,6,40,4,0,1,Clear,0,0,2.375
788,17,Fried Rice,6,52,2,1,1,Clear,0,1,2.6666666666666665
789,14,Pasta,23,59,3,1,1,Cloudy,0,1,2.75
790,1,Fried Rice,18,29,5,0,1,Cloudy,1,0,4.5
791,15,Biryani,20,38,4,0,0,Cloudy,1,0,3.0
792,11,Biryani,10,29,3,0,0,Rainy,0,0,3.1666666666666665
793,13,Pasta,15,57,1,1,0,Rainy,0,0,2.6666666666666665
794,8,Pizza,6,54,3,1,0,Cloudy,0,0,3.5
795,1,Pizza,6,50,1,1,0,Cloudy,0,0,2.5
796,11,Pasta,7,45,3,1,0,Rainy,0,0,2.75
797,7,Pasta,22,29,5,1,1,Clear,1,1,3.8333333333333335
798,6,Fried Rice,14,42,3,0,0,Cloudy,0,0,2.0
799,2,Burger,4,39,2,1,0,Clear,0,0,2.4
800,19,Fried Rice,21,33,1,0,0,Rainy,1,0,2.4444444444444446
801,7,Fried Rice,22,49,5,1,0,Cloudy,1,0,3.8333333333333335
802,1,Biryani,17,25,5,0,1,Clear,0,0,3.1666666666666665
803,3,Fried Rice,17,41,1,0,1,Rainy,0,0,3.0
804,4,Pizza,23,21,5,0,0,Cloudy,0,0,3.4444444444444446
805,12,Pasta,0,48,1,0,0,Clear,0,0,2.6
806,15,Fried Rice,23,36,5,1,0,Rainy,0,0,3.3333333333333335
807,17,Fried Rice,11,59,5,0,0,Clear,0,0,3.25
808,7,Biryani,21,54,2,0,1,Rainy,1,0,2.8333333333333335
809,19,Sandwich,0,52,5,0,1,Rainy,0,0,3.375
810,8,Sandwich,19,55,5,1,1,Rainy,1,1,2.8
811,11,Biryani,21,50,2,1,1,Clear,1,1,2.75
812,6,Pizza,2,27,4,0,0,Clear,0,0,3.0
813,19,Pizza,8,43,4,1,1,Rainy,0,1,2.375
814,19,Sandwich,2,35,5,0,0,Cloudy,0,0,3.4
815,2,Biryani,11,55,2,1,1,Rainy,0,1,3.0
816,11,Fried Rice,16,20,3,1,1,Rainy,0,1,3.2
817,3,Burger,12,48,3,1,0,Clear,0,0,3.2
818,5,Burger,8,32,1,0,0,Clear,0,0,2.8
819,14,Pasta,4,41,3,0,0,Cloudy,0,0,3.0
820,16,Pizza,5,33,4,0,0,Clear,0,0,3.0
821,17,Burger,16,26,2,0,1,Clear,0,0,3.2857142857142856
822,1,Fried Rice,18,32,4,1,1,Cloudy,1,1,4.5
823,12,Pasta,23,58,5,1,0,Cloudy,0,0,3.2857142857142856
824,11,Biryani,5,43,2,0,1,Cloudy,0,0,2.8
825,15,Pasta,23,52,4,1,0,Rainy,0,0,3.3333333333333335
826,17,Fried Rice,1,51,2,0,0,Clear,0,0,2.142857142857143
827,1,Fried Rice,9,47,4,0,1,Rainy,0,0,3.2
828,19,Fried Rice,16,41,4,1,0,Rainy,0,0,4.0
829,12,Pasta,5,49,1,1,0,Clear,0,0,2.3333333333333335
830,1,Burger,21,32,5,0,1,Cloudy,1,0,4.666666666666667
831,4,Pasta,0,56,5,0,1,Cloudy,0,0,3.0
832,5,Biryani,12,38,1,1,0,Rainy,0,0,2.8333333333333335
833,14,Pasta,7,53,5,0,1,Rainy,0,0,4.333333333333333
834,1,Sandwich,22,57,4,1,0,Cloudy,1,0,2.2
835,12,Sandwich,2,33,4,0,0,Clear,0,0,3.5
836,13,Sandwich,6,38,4,0,0,Clear,0,0,3.5
837,10,Biryani,20,50,2,0,0,Rainy,1,0,3.4
838,13,Pasta,14,46,3,1,1,Rainy,0,1,3.4
839,7,Sandwich,11,48,5,0,0,Cloudy,0,0,3.4
840,5,Sandwich,2,47,3,0,1,Cloudy,0,0,3.25
841,9,Pizza,7,55,1,1,1,Rainy,0,1,3.0
842,10,Fried Rice,1,51,2,0,0,Clear,0,0,3.0
843,14,Biryani,11,45,5,1,0,Rainy,0,0,5.0
844,15,Biryani,19,52,3,0,1,Cloudy,1,0,2.8181818181818183
845,2,Pizza,21,55,2,1,1,Cloudy,1,1,2.4285714285714284
846,18,Burger,13,44,4,0,0,Cloudy,0,0,3.1666666666666665
847,7,Sandwich,9,51,1,0,1,Clear,0,0,2.25
848,11,Pizza,18,37,2,0,0,Cloudy,1,0,2.0
849,7,Pizza,13,48,2,1,1,Cloudy,0,1,2.6
850,5,Biryani,10,36,1,0,1,Cloudy,0,0,2.5
851,5,Pasta,7,37,3,0,1,Cloudy,0,0,2.25
852,13,Fried Rice,11,57,3,0,0,Clear,0,0,2.3333333333333335
853,18,Pizza,3,29,2,0,1,Cloudy,0,0,4.0
854,19,Fried Rice,11,54,4,0,0,Rainy,0,0,2.0
855,10,Burger,11,43,1,0,1,Cloudy,0,0,1.25
856,8,Pizza,21,37,5,0,1,Cloudy,1,0,3.75
857,10,Biryani,15,35,1,0,1,Clear,0,0,1.875
858,3,Sandwich,15,59,5,1,0,Clear,0,0,3.5
859,7,Sandwich,16,37,3,0,0,Rainy,0,0,3.5714285714285716
860,19,Biryani,13,25,1,1,1,Cloudy,0,1,3.6
861,13,Biryani,16,47,1,1,0,Clear,0,0,3.5
862,16,Pizza,13,27,5,0,0,Cloudy,0,0,2.75
863,19,Burger,17,52,5,1,0,Cloudy,0,0,4.5
864,13,Sandwich,2,29,5,0,1,Clear,0,0,3.5
865,6,Pizza,13,50,5,0,1,Cloudy,0,0,5.0
866,18,Pasta,16,59,1,1,0,Rainy,0,0,2.25
867,3,Burger,1,28,2,1,0,Clear,0,0,2.8
868,15,Pizza,9,37,4,1,0,Cloudy,0,0,4.5
869,15,Fried Rice,8,50,1,1,1,Rainy,0,1,3.5
870,13,Pizza,9,54,5,1,1,Clear,0,1,3.8333333333333335
871,9,Pasta,16,26,4,1,0,Clear,0,0,3.142857142857143
872,11,Burger,15,38,1,1,1,Clear,0,1,1.0
873,2,Sandwich,2,29,3,1,1,Clear,0,1,3.857142857142857
874,7,Burger,8,30,4,0,0,Cloudy,0,0,3.6666666666666665
875,1,Biryani,0,59,4,0,0,Clear,0,0,3.4
876,1,Pizza,1,44,1,0,1,Clear,0,0,3.0
877,17,Pasta,1,38,1,1,1,Rainy,0,1,2.142857142857143
878,16,Pasta,2,41,3,0,1,Cloudy,0,0,3.1666666666666665
879,16,Pizza,10,39,3,1,1,Cloudy,0,1,2.5
880,4,Biryani,11,49,1,1,1,Rainy,0,1,3.0
881,11,Pasta,11,30,3,0,1,Clear,0,0,3.0
882,19,Biryani,2,51,1,1,0,Clear,0,0,3.4
883,12,Burger,21,27,4,0,1,Clear,1,0,2.8333333333333335
884,16,Sandwich,0,53,5,0,0,Cloudy,0,0,2.6
885,14,Pasta,18,35,1,1,1,Clear,1,1,1.0
886,12,Fried Rice,21,25,1,0,0,Cloudy,1,0,2.8333333333333335
887,1,Sandwich,23,51,2,0,0,Rainy,0,0,2.75
888,5,Fried Rice,17,47,2,0,1,Rainy,0,0,2.142857142857143
889,18,Burger,17,52,3,0,0,Rainy,0,0,3.6
890,4,Sandwich,3,46,4,1,1,Clear,0,1,3.2857142857142856
891,4,Fried Rice,10,39,3,1,1,Cloudy,0,1,4.0
892,6,Biryani,10,54,1,0,0,Cloudy,0,0,3.6
893,8,Fried Rice,8,35,1,1,1,Clear,0,1,1.75
894,14,Fried Rice,10,28,4,1,0,Cloudy,0,0,3.8
895,6,Burger,22,44,3,1,0,Cloudy,1,0,3.2
896,7,Pasta,19,45,3,1,0,Cloudy,1,0,2.0
897,15,Burger,7,47,2,1,0,Cloudy,0,0,1.8571428571428572
898,3,Biryani,5,47,1,1,1,Clear,0,1,3.4
899,13,Sandwich,14,21,4,0,0,Rainy,0,0,3.4
900,18,Burger,20,39,4,0,0,Cloudy,1,0,3.2
901,12,Pizza,21,47,1,1,0,Clear,1,0,2.8333333333333335
902,10,Pizza,6,22,2,0,1,Clear,0,0,2.0
903,12,Biryani,23,44,3,0,1,Rainy,0,0,3.2857142857142856
904,16,Burger,20,39,3,0,0,Rainy,1,0,3.0
905,1,Biryani,9,45,4,0,1,Cloudy,0,0,3.2
906,13,Burger,17,32,3,0,0,Cloudy,0,0,3.0
907,2,Sandwich,8,22,2,0,0,Rainy,0,0,2.5
908,14,Pizza,2,37,5,0,1,Clear,0,0,2.8333333333333335
909,12,Pasta,19,58,4,0,0,Rainy,1,0,3.2
910,10,Pizza,13,27,4,1,0,Clear,0,0,3.2
911,16,Pasta,19,42,1,0,1,Cloudy,1,0,2.6666666666666665
912,4,Pasta,5,47,4,0,1,Cloudy,0,0,2.6666666666666665
913,2,Burger,10,48,2,0,1,Cloudy,0,0,3.1666666666666665
914,12,Fried Rice,23,33,1,0,0,Clear,0,0,3.2857142857142856
915,9,Pizza,17,56,4,0,1,Clear,0,0,2.6
916,14,Biryani,19,28,4,1,0,Clear,1,0,3.3333333333333335
917,3,Burger,3,35,2,0,0,Clear,0,0,3.0
918,14,Biryani,4,27,3,0,1,Clear,0,0,3.0
919,8,Biryani,23,34,1,1,0,Rainy,0,0,2.625
920,2,Biryani,6,31,3,1,1,Cloudy,0,1,2.6666666666666665
921,12,Pasta,7,42,4,1,0,Clear,0,0,4.0
922,10,Pizza,16,40,1,1,1,Rainy,0,1,1.0
923,5,Fried Rice,18,43,5,1,0,Rainy,1,0,3.4166666666666665
924,14,Fried Rice,14,34,2,1,0,Clear,0,0,3.2
925,2,Biryani,6,30,1,1,1,Cloudy,0,1,2.6666666666666665
926,7,Sandwich,21,35,4,0,1,Rainy,1,0,2.8333333333333335
927,11,Pizza,16,22,4,0,1,Rainy,0,0,3.2
928,4,Pizza,12,27,5,1,1,Rainy,0,1,2.8
929,7,Pizza,18,24,5,1,1,Cloudy,1,1,4.0
930,11,Burger,15,22,1,0,0,Cloudy,0,0,1.0
931,11,Sandwich,5,35,2,0,0,Clear,0,0,2.8
932,14,Pasta,13,33,4,1,0,Cloudy,0,0,3.5714285714285716
933,18,Pizza,22,50,4,1,0,Cloudy,1,0,3.125
934,9,Burger,11,33,3,0,1,Cloudy,0,0,2.3333333333333335
935,2,Burger,11,48,3,1,0,Rainy,0,0,3.0
936,9,Biryani,8,28,2,1,1,Cloudy,0,1,3.0
937,19,Pasta,4,24,4,1,0,Cloudy,0,0,3.6666666666666665
938,8,Sandwich,23,50,3,1,1,Cloudy,0,1,2.625
939,13,Biryani,14,55,4,1,1,Clear,0,1,3.4
940,2,Pasta,5,55,5,1,1,Cloudy,0,1,4.0
941,3,Pasta,20,33,1,0,1,Cloudy,1,0,2.0
942,13,Biryani,17,45,2,0,0,Cloudy,0,0,3.0
943,16,Fried Rice,11,36,5,0,0,Clear,0,0,3.7142857142857144
944,7,Sandwich,0,53,5,0,1,Rainy,0,0,3.0
945,18,Biryani,4,45,1,1,1,Clear,0,1,2.3333333333333335
946,15,Pasta,19,57,5,0,0,Cloudy,1,0,2.8181818181818183
947,10,Sandwich,17,56,1,1,0,Clear,0,0,2.75
948,11,Burger,8,21,2,0,0,Cloudy,0,0,2.0
949,12,Biryani,18,26,1,0,1,Clear,1,0,3.3333333333333335
950,18,Sandwich,19,56,2,0,0,Cloudy,1,0,1.5
951,12,Pasta,16,34,4,0,1,Rainy,0,0,3.2
952,7,Sandwich,7,51,2,1,1,Cloudy,0,1,2.0
953,13,Fried Rice,23,45,3,0,0,Rainy,0,0,2.6666666666666665
954,5,Fried Rice,13,39,3,0,0,Clear,0,0,2.25
955,2,Biryani,5,44,3,1,1,Clear,0,1,4.0
956,5,Sandwich,8,45,2,0,1,Rainy,0,0,2.8
957,4,Fried Rice,14,56,2,1,1,Rainy,0,1,3.5
958,3,Burger,15,45,1,0,1,Cloudy,0,0,3.5
959,5,Sandwich,23,31,5,0,0,Rainy,0,0,3.25
960,6,Burger,5,34,4,1,0,Clear,0,0,2.3333333333333335
961,13,Pasta,21,35,5,0,1,Cloudy,1,0,3.5
962,9,Fried Rice,0,55,5,1,0,Cloudy,0,0,3.3333333333333335
963,10,Fried Rice,3,26,1,1,1,Clear,0,1,3.6
964,11,Biryani,13,34,5,0,1,Clear,0,0,3.0
965,3,Sandwich,18,31,1,1,0,Clear,1,0,2.4
966,1,Fried Rice,1,57,5,1,0,Cloudy,0,0,3.0
967,7,Sandwich,14,53,3,1,0,Rainy,0,0,2.5
968,8,Pasta,3,29,1,0,1,Rainy,0,0,2.0
969,16,Biryani,0,46,1,1,1,Rainy,0,1,2.6
970,2,Fried Rice,17,23,2,1,0,Rainy,0,0,2.6666666666666665
971,5,Sandwich,18,54,2,0,1,Rainy,1,0,3.4166666666666665
972,11,Pizza,4,27,3,0,1,Clear,0,0,3.4
973,11,Biryani,23,26,5,0,1,Cloudy,0,0,2.888888888888889
974,11,Biryani,20,53,4,1,1,Clear,1,1,3.3333333333333335
975,19,Burger,4,56,3,0,1,Clear,0,0,3.6666666666666665
976,4,Biryani,11,47,3,0,0,Cloudy,0,0,3.0
977,11,Biryani,10,44,3,0,1,Cloudy,0,0,3.1666666666666665
978,5,Burger,20,28,1,1,1,Clear,1,1,2.6
979,5,Biryani,11,20,4,0,1,Rainy,0,0,4.0
980,18,Biryani,11,47,5,1,1,Rainy,0,1,3.3333333333333335
981,7,Fried Rice,12,31,5,0,0,Cloudy,0,0,4.5
982,1,Pizza,1,27,3,1,0,Rainy,0,0,3.0
983,15,Pasta,11,42,4,1,0,Cloudy,0,0,3.0
984,13,Pizza,12,46,1,0,1,Rainy,0,0,3.3333333333333335
985,5,Biryani,1,52,1,0,0,Rainy,0,0,3.0
986,5,Burger,12,29,1,1,1,Rainy,0,1,2.8333333333333335
987,17,Sandwich,6,23,3,0,1,Rainy,0,0,2.6666666666666665
988,1,Pizza,13,33,1,0,1,Cloudy,0,0,2.5
989,4,Fried Rice,17,20,1,1,1,Rainy,0,1,2.857142857142857
990,11,Biryani,16,32,1,1,0,Rainy,0,0,3.2
991,1,Pizza,20,54,5,0,1,Rainy,1,0,3.6
992,9,Pasta,23,54,4,0,0,Cloudy,0,0,3.25
993,2,Sandwich,3,48,2,0,0,Cloudy,0,0,2.8333333333333335
994,15,Pizza,4,33,5,1,1,Rainy,0,1,5.0
995,7,Pizza,10,37,4,1,0,Rainy,0,0,4.25
996,8,Fried Rice,17,20,5,1,1,Rainy,0,1,2.6666666666666665
997,6,Biryani,10,35,5,0,0,Clear,0,0,3.6
998,9,Pizza,21,54,2,1,1,Rainy,1,1,2.888888888888889
999,17,Fried Rice,18,35,5,0,0,Rainy,1,0,3.5
1000,17,Fried Rice,20,49,5,1,0,Rainy,1,0,2.625
1001,15,Burger,1,31,2,0,0,Cloudy,0,0,2.0
1002,13,Fried Rice,7,57,1,1,0,Clear,0,0,2.8
1003,18,Biryani,10,40,1,0,0,Clear,0,0,1.75
1004,7,Pasta,13,33,3,1,1,Rainy,0,1,2.6
1005,2,Biryani,0,43,1,0,0,Clear,0,0,2.3333333333333335
1006,17,Sandwich,14,21,1,0,1,Cloudy,0,0,2.75
1007,11,Pasta,1,22,3,0,1,Clear,0,0,2.8333333333333335
1008,12,Biryani,10,45,5,0,1,Rainy,0,0,2.625
1009,6,Fried Rice,7,21,2,1,0,Cloudy,0,0,3.2
1010,5,Fried Rice,7,56,1,0,1,Cloudy,0,0,2.25
1011,19,Fried Rice,16,21,3,1,1,Rainy,0,1,4.0
1012,4,Burger,14,55,5,1,1,Rainy,0,1,3.5
1013,16,Sandwich,0,52,2,1,1,Clear,0,1,2.6
1014,12,Sandwich,9,23,4,1,0,Cloudy,0,0,3.5
1015,18,Pizza,17,40,4,0,0,Rainy,0,0,3.6
1016,10,Fried Rice,4,27,4,0,1,Cloudy,0,0,2.75
1017,10,Pizza,19,31,5,0,1,Clear,1,0,2.6666666666666665
1018,14,Fried Rice,17,58,5,1,1,Rainy,0,1,3.75
1019,13,Burger,16,41,5,1,0,Clear,0,0,3.5
1020,8,Fried Rice,5,20,1,0,1,Clear,0,0,3.3333333333333335
1021,9,Fried Rice,22,57,1,1,0,Clear,1,0,2.5714285714285716
1022,2,Fried Rice,12,59,1,1,1,Clear,0,1,2.0
1023,1,Fried Rice,20,21,2,0,1,Clear,1,0,3.6
1024,15,Pizza,6,45,3,1,0,Clear,0,0,3.6666666666666665
1025,16,Burger,14,32,5,0,1,Rainy,0,0,4.25
1026,13,Biryani,17,30,2,1,1,Clear,0,1,3.0
1027,19,Fried Rice,1,44,1,0,1,Rainy,0,0,3.5714285714285716
1028,12,Biryani,22,57,2,0,0,Clear,1,0,2.5
1029,10,Sandwich,15,28,1,1,0,Cloudy,0,0,1.875
1030,10,Sandwich,14,43,2,1,0,Cloudy,0,0,2.0
1031,8,Burger,3,22,2,1,0,Clear,0,0,2.0
1032,18,Biryani,1,26,2,0,1,Cloudy,0,0,2.0
1033,17,Burger,15,55,2,0,0,Cloudy,0,0,1.25
1034,1,Biryani,2,34,5,0,0,Rainy,0,0,3.5
1035,12,Pasta,9,38,3,0,1,Cloudy,0,0,3.5
1036,19,Pizza,14,33,2,0,1,Rainy,0,0,3.0
1037,9,Fried Rice,21,23,3,0,0,Clear,1,0,2.888888888888889
1038,3,Pizza,1,26,4,1,1,Cloudy,0,1,2.8
1039,5,Burger,5,36,3,0,1,Rainy,0,0,3.0
1040,11,Burger,8,38,2,1,1,Clear,0,1,2.0
1041,16,Sandwich,3,36,3,1,0,Rainy,0,0,2.5
1042,14,Fried Rice,19,40,4,1,1,Clear,1,1,3.3333333333333335
1043,14,Sandwich,23,44,3,1,1,Rainy,0,1,2.75
1044,17,Sandwich,23,34,2,0,0,Rainy,0,0,1.8
1045,8,Pasta,23,27,5,1,1,Rainy,0,1,2.625
1046,19,Pasta,17,44,4,1,1,Clear,0,1,4.5
1047,3,Burger,7,24,1,0,1,Rainy,0,0,3.75
1048,17,Fried Rice,17,58,2,0,0,Clear,0,0,2.6666666666666665
1049,14,Sandwich,2,54,2,0,1,Cloudy,0,0,2.8333333333333335
1050,19,Fried Rice,22,46,4,1,0,Clear,1,0,2.5
1051,10,Pasta,14,52,3,1,1,Clear,0,1,2.0
1052,18,Pizza,12,53,1,1,1,Cloudy,0,1,2.769230769230769
1053,1,Pizza,11,36,2,1,1,Rainy,0,1,3.25
1054,9,Pasta,12,34,2,1,0,Clear,0,0,3.3333333333333335
1055,3,Pasta,15,32,5,1,0,Cloudy,0,0,3.5
1056,16,Pasta,5,20,1,1,1,Cloudy,0,1,3.0
1057,11,Burger,1,31,2,1,1,Clear,0,1,2.8333333333333335
1058,3,Pizza,14,29,1,0,0,Rainy,0,0,3.3333333333333335
1059,19,Biryani,6,29,4,0,1,Clear,0,0,4.0
1060,19,Pasta,23,38,2,0,0,Rainy,0,0,3.25
1061,15,Sandwich,19,25,2,0,1,Cloudy,1,0,2.8181818181818183
1062,19,Pasta,4,25,4,1,1,Cloudy,0,1,3.6666666666666665
1063,12,Fried Rice,18,28,5,1,0,Rainy,1,0,3.3333333333333335
1064,5,Pasta,19,23,2,1,1,Cloudy,1,1,3.0
1065,19,Burger,21,53,1,0,1,Cloudy,1,0,2.4444444444444446
1066,1,Burger,9,22,2,1,0,Clear,0,0,3.2
1067,12,Pasta,4,36,5,1,1,Cloudy,0,1,3.2
1068,19,Burger,9,43,3,1,0,Rainy,0,0,2.857142857142857
1069,17,Fried Rice,22,23,3,0,0,Clear,1,0,2.2
1070,9,Fried Rice,22,53,1,1,1,Rainy,1,1,2.5714285714285716
1071,7,Fried Rice,13,20,1,0,0,Cloudy,0,0,2.6
1072,16,Fried Rice,9,22,4,1,0,Rainy,0,0,4.0
1073,8,Burger,9,36,5,0,0,Clear,0,0,2.6
1074,12,Pasta,23,44,5,1,1,Cloudy,0,1,3.2857142857142856
1075,19,Pasta,19,24,3,1,1,Cloudy,1,1,3.0
1076,15,Biryani,9,39,5,1,1,Clear,0,1,4.5
1077,16,Pasta,0,57,3,1,1,Cloudy,0,1,2.6
1078,10,Pasta,5,57,5,1,1,Clear,0,1,3.0
1079,4,Pizza,8,39,5,0,1,Clear,0,0,3.625
1080,2,Burger,4,21,4,0,0,Cloudy,0,0,2.4
1081,15,Biryani,1,58,2,1,1,Clear,0,1,2.0
1082,5,Biryani,4,45,5,0,0,Cloudy,0,0,3.75
1083,18,Burger,8,48,4,0,0,Rainy,0,0,2.25
1084,9,Sandwich,22,26,4,0,0,Clear,1,0,2.5714285714285716
1085,13,Pasta,22,49,2,1,1,Clear,1,1,3.0
1086,10,Biryani,19,22,2,1,0,Clear,1,0,2.6666666666666665
1087,4,Burger,22,25,5,1,1,Clear,1,1,3.0
1088,9,Pizza,5,23,1,0,0,Clear,0,0,2.7
1089,15,Pizza,16,27,1,0,1,Rainy,0,0,2.4
1090,11,Burger,5,47,2,0,0,Cloudy,0,0,2.8
1091,11,Burger,13,50,1,1,0,Clear,0,0,3.0
1092,6,Burger,22,58,2,0,1,Rainy,1,0,3.2
1093,4,Pasta,1,59,4,1,0,Clear,0,0,3.0
1094,13,Pasta,20,46,2,0,1,Cloudy,1,0,3.0
1095,3,Sandwich,10,44,4,0,0,Rainy,0,0,3.0
1096,18,Burger,14,49,3,1,1,Clear,0,1,2.0
1097,8,Pasta,14,44,1,1,1,Rainy,0,1,3.2
1098,10,Sandwich,19,28,1,0,1,Cloudy,1,0,2.6666666666666665
1099,19,Sandwich,9,45,2,0,1,Clear,0,0,2.857142857142857
1100,4,Sandwich,17,50,1,0,0,Rainy,0,0,2.857142857142857
1101,16,Biryani,11,22,4,1,0,Clear,0,0,3.7142857142857144
1102,19,Burger,21,23,1,1,1,Rainy,1,1,2.4444444444444446
1103,7,Sandwich,3,38,3,0,0,Rainy,0,0,2.5
1104,10,Sandwich,13,44,1,0,1,Cloudy,0,0,3.2
1105,16,Biryani,6,47,4,0,0,Rainy,0,0,4.0
1106,7,Sandwich,23,36,1,0,1,Clear,0,0,3.0
1107,19,Sandwich,8,56,2,0,1,Clear,0,0,2.375
1108,3,Sandwich,9,52,2,0,0,Cloudy,0,0,3.3333333333333335
1109,8,Pasta,3,44,3,1,0,Clear,0,0,2.0
1110,17,Sandwich,11,52,4,0,0,Rainy,0,0,3.25
1111,8,Pasta,5,28,5,1,0,Clear,0,0,3.3333333333333335
1112,16,Sandwich,3,42,2,1,0,Clear,0,0,2.5
1113,19,Pizza,21,28,4,1,0,Clear,1,0,2.4444444444444446
1114,9,Fried Rice,16,44,1,0,0,Clear,0,0,3.142857142857143
1115,11,Biryani,23,29,5,0,1,Rainy,0,0,2.888888888888889
1116,8,Sandwich,17,38,2,0,1,Clear,0,0,2.6666666666666665
1117,5,Fried Rice,8,50,1,1,0,Rainy,0,0,2.8
1118,8,Pizza,11,33,1,0,1,Rainy,0,0,2.4
1119,19,Sandwich,8,27,5,1,1,Cloudy,0,1,2.375
1120,8,Biryani,8,36,4,0,0,Clear,0,0,1.75
1121,6,Burger,8,51,2,0,0,Rainy,0,0,2.2
1122,12,Pizza,15,42,2,1,1,Cloudy,0,1,2.0
1123,12,Burger,16,20,4,1,1,Rainy,0,1,3.2
1124,2,Fried Rice,8,56,2,0,0,Clear,0,0,2.5
1125,12,Biryani,17,52,5,1,1,Rainy,0,1,3.0
1126,1,Biryani,3,37,1,0,0,Clear,0,0,1.75
1127,17,Sandwich,6,36,3,1,0,Clear,0,0,2.6666666666666665
1128,6,Fried Rice,9,44,5,0,0,Clear,0,0,3.2222222222222223
1129,7,Biryani,4,41,5,0,1,Cloudy,0,0,3.5
1130,4,Fried Rice,3,45,4,1,0,Cloudy,0,0,3.2857142857142856
1131,15,Pizza,23,26,3,0,0,Clear,0,0,3.3333333333333335
1132,5,Burger,17,43,1,0,0,Clear,0,0,2.142857142857143
1133,4,Pasta,23,58,5,1,0,Cloudy,0,0,3.4444444444444446
1134,10,Sandwich,17,42,1,0,0,Clear,0,0,2.75
1135,10,Fried Rice,23,59,2,0,1,Clear,0,0,1.75
1136,15,Fried Rice,7,55,3,0,0,Cloudy,0,0,1.8571428571428572
1137,14,Pasta,5,38,3,0,0,Cloudy,0,0,2.6
1138,6,Biryani,21,55,4,0,0,Rainy,1,0,3.6666666666666665
1139,18,Sandwich,7,34,3,0,0,Cloudy,0,0,3.0
1140,16,Pizza,2,35,1,1,0,Cloudy,0,0,3.1666666666666665
1141,16,Pizza,11,40,5,0,1,Cloudy,0,0,3.7142857142857144
1142,4,Biryani,18,39,1,1,1,Rainy,1,1,1.6666666666666667
1143,6,Pasta,2,31,1,1,1,Clear,0,1,3.0
1144,5,Fried Rice,18,44,5,1,0,Clear,1,0,3.4166666666666665
1145,6,Fried Rice,1,34,2,0,1,Clear,0,0,2.0
1146,13,Burger,12,29,4,1,0,Cloudy,0,0,3.3333333333333335
1147,7,Fried Rice,5,55,4,0,0,Cloudy,0,0,3.1666666666666665
1148,19,Pizza,12,57,1,1,1,Rainy,0,1,3.0
1149,7,Burger,3,24,2,1,0,Clear,0,0,2.5
1150,15,Pizza,13,44,5,0,0,Cloudy,0,0,3.2
1151,1,Pasta,6,48,1,0,1,Rainy,0,0,2.5
1152,1,Pizza,1,35,3,1,0,Clear,0,0,3.0
1153,7,Sandwich,5,31,5,0,0,Rainy,0,0,3.1666666666666665
1154,7,Fried Rice,11,26,2,1,1,Clear,0,1,3.4
1155,2,Fried Rice,1,35,3,0,1,Rainy,0,0,2.8
1156,11,Pasta,19,22,2,1,0,Cloudy,1,0,1.4
1157,1,Pasta,19,23,1,0,0,Cloudy,1,0,2.6
1158,8,Fried Rice,14,39,3,0,1,Rainy,0,0,3.2
1159,18,Pizza,12,42,3,0,1,Clear,0,0,2.769230769230769
1160,17,Pasta,21,37,5,1,1,Rainy,1,1,5.0
1161,13,Pizza,10,59,2,0,1,Rainy,0,0,3.4
1162,12,Fried Rice,22,33,2,0,1,Clear,1,0,2.5
1163,13,Pasta,11,58,4,1,1,Clear,0,1,2.3333333333333335
1164,15,Pasta,19,35,3,1,1,Clear,1,1,2.8181818181818183
1165,4,Sandwich,19,26,5,0,0,Cloudy,1,0,4.5
1166,1,Pasta,9,42,4,0,0,Clear,0,0,3.2
1167,7,Fried Rice,6,22,4,0,0,Cloudy,0,0,3.5
1168,11,Pizza,23,45,2,1,0,Rainy,0,0,2.888888888888889
1169,16,Sandwich,22,39,3,0,1,Rainy,1,0,4.0
1170,4,Burger,19,51,5,1,0,Cloudy,1,0,4.5
1171,2,Pizza,13,55,2,1,0,Rainy,0,0,2.5
1172,7,Biryani,0,21,3,1,1,Rainy,0,1,3.0
1173,5,Pizza,14,52,3,1,1,Clear,0,1,2.75
1174,8,Biryani,13,58,3,0,0,Rainy,0,0,2.3333333333333335
1175,16,Burger,22,31,5,0,1,Cloudy,1,0,4.0
1176,16,Sandwich,11,53,1,1,0,Clear,0,0,3.7142857142857144
1177,3,Pasta,3,28,2,1,0,Cloudy,0,0,3.0
1178,4,Pasta,8,28,2,1,0,Cloudy,0,0,3.625
1179,12,Sandwich,15,20,2,0,0,Cloudy,0,0,2.0
1180,4,Burger,6,58,1,0,1,Rainy,0,0,3.6666666666666665
1181,13,Pizza,17,52,3,0,1,Rainy,0,0,3.0
1182,2,Pizza,23,55,1,0,1,Clear,0,0,2.5555555555555554
1183,2,Burger,17,52,3,0,0,Clear,0,0,2.6666666666666665
1184,10,Burger,22,37,5,1,0,Rainy,1,0,2.2
1185,19,Burger,7,53,5,1,1,Cloudy,0,1,4.0
1186,15,Fried Rice,0,25,3,0,0,Rainy,0,0,2.6666666666666665
1187,14,Sandwich,1,54,3,0,0,Cloudy,0,0,3.0
1188,18,Pasta,11,23,4,1,1,Cloudy,0,1,3.3333333333333335
1189,12,Pizza,5,57,3,0,1,Rainy,0,0,2.3333333333333335
1190,18,Sandwich,22,58,4,0,0,Clear,1,0,3.125
1191,14,Fried Rice,16,23,1,1,0,Rainy,0,0,1.0
1192,6,Sandwich,3,33,1,0,0,Clear,0,0,2.75
1193,6,Pizza,15,46,4,0,1,Cloudy,0,0,2.8
1194,5,Fried Rice,23,23,1,0,0,Rainy,0,0,3.25
1195,1,Pasta,22,52,2,1,1,Rainy,1,1,2.2
1196,13,Fried Rice,2,25,2,0,0,Rainy,0,0,3.5
1197,8,Fried Rice,1,46,4,1,1,Cloudy,0,1,3.5
1198,11,Fried Rice,9,25,4,1,1,Rainy,0,1,3.5
1199,14,Biryani,13,33,1,1,0,Cloudy,0,0,3.5714285714285716
1200,17,Burger,22,29,1,1,1,Clear,1,1,2.2
1201,10,Burger,21,51,5,0,0,Rainy,1,0,2.4
1202,18,Sandwich,12,21,4,0,0,Rainy,0,0,2.769230769230769
1203,7,Pasta,14,47,2,0,0,Clear,0,0,2.5
1204,12,Pasta,5,31,3,0,1,Clear,0,0,2.3333333333333335
1205,12,Fried Rice,1,50,5,1,0,Clear,0,0,3.5
1206,18,Pasta,17,23,5,1,0,Clear,0,0,3.6
1207,6,Fried Rice,23,42,3,0,0,Clear,0,0,2.6666666666666665
1208,12,Sandwich,5,49,2,0,0,Cloudy,0,0,2.3333333333333335
1209,19,Pizza,5,34,5,0,1,Rainy,0,0,3.0
1210,18,Pasta,23,46,3,0,0,Rainy,0,0,2.75
1211,17,Biryani,20,41,1,0,0,Cloudy,1,0,2.625
1212,18,Pasta,23,54,4,0,0,Cloudy,0,0,2.75
1213,11,Sandwich,11,54,2,1,1,Clear,0,1,3.0
1214,10,Sandwich,2,26,4,0,1,Clear,0,0,2.6666666666666665
1215,10,Fried Rice,9,20,5,1,1,Cloudy,0,1,3.0
1216,15,Burger,11,48,5,1,0,Cloudy,0,0,3.0
1217,9,Sandwich,5,29,5,1,1,Clear,0,1,2.7
1218,8,Fried Rice,8,22,1,1,1,Cloudy,0,1,1.75
1219,9,Pizza,23,45,2,0,0,Cloudy,0,0,3.25
1220,6,Pizza,20,34,5,0,1,Cloudy,1,0,2.6666666666666665
1221,9,Sandwich,0,27,1,1,1,Clear,0,1,3.3333333333333335
1222,14,Fried Rice,23,43,2,0,1,Rainy,0,0,2.75
1223,11,Fried Rice,0,30,4,1,1,Clear,0,1,2.4285714285714284
1224,3,Biryani,22,40,3,1,0,Cloudy,1,0,3.25
1225,10,Pizza,20,39,5,1,1,Clear,1,1,3.4
1226,13,Burger,5,49,4,1,1,Clear,0,1,3.142857142857143
1227,4,Pasta,0,59,1,1,0,Cloudy,0,0,3.0
1228,3,Biryani,7,33,4,1,1,Rainy,0,1,3.75
1229,5,Burger,8,37,5,0,0,Rainy,0,0,2.8
1230,18,Pizza,11,25,4,0,1,Clear,0,0,3.3333333333333335
1231,8,Burger,5,40,4,1,1,Cloudy,0,1,3.3333333333333335
1232,19,Pizza,13,22,4,0,0,Cloudy,0,0,3.6
1233,19,Pizza,8,29,1,1,0,Clear,0,0,2.375
1234,3,Pizza,21,25,1,0,1,Cloudy,1,0,3.1666666666666665
1235,6,Pasta,7,33,2,1,1,Rainy,0,1,3.2
1236,17,Burger,1,41,1,0,1,Cloudy,0,0,2.142857142857143
1237,5,Fried Rice,3,52,4,0,0,Rainy,0,0,3.5
1238,4,Sandwich,9,51,4,0,1,Rainy,0,0,2.25
1239,11,Pizza,12,47,4,0,1,Clear,0,0,3.625
1240,19,Fried Rice,0,58,1,1,0,Clear,0,0,3.375
1241,8,Pasta,17,41,2,0,0,Clear,0,0,2.6666666666666665
1242,15,Fried Rice,17,29,2,1,1,Cloudy,0,1,3.0
1243,13,Pizza,6,24,2,0,0,Clear,0,0,3.5
1244,16,Sandwich,3,36,2,1,1,Rainy,0,1,2.5
1245,1,Biryani,6,50,5,0,0,Clear,0,0,2.5
1246,19,Biryani,22,53,3,0,0,Cloudy,1,0,2.5
1247,3,Burger,5,36,5,0,0,Rainy,0,0,3.4
1248,13,Pizza,11,21,1,0,0,Rainy,0,0,2.3333333333333335
1249,12,Biryani,19,41,1,0,1,Clear,1,0,3.2
1250,18,Fried Rice,22,53,3,1,0,Clear,1,0,3.125
1251,15,Burger,7,39,1,1,1,Rainy,0,1,1.8571428571428572
1252,19,Biryani,11,35,1,1,1,Rainy,0,1,2.0
1253,9,Burger,11,41,5,0,0,Clear,0,0,2.3333333333333335
1254,19,Sandwich,16,20,3,0,0,Clear,0,0,4.0
1255,9,Burger,1,54,2,0,0,Clear,0,0,3.0
1256,3,Fried Rice,3,20,5,0,0,Clear,0,0,3.0
1257,11,Pizza,21,59,4,0,1,Rainy,1,0,2.75
1258,1,Biryani,4,58,2,1,0,Cloudy,0,0,2.2
1259,10,Pizza,22,28,1,1,1,Cloudy,1,1,2.2
1260,18,Burger,23,53,1,1,1,Rainy,0,1,2.75
1261,19,Pasta,23,26,4,0,1,Clear,0,0,3.25
1262,9,Pasta,17,22,1,0,0,Clear,0,0,2.6
1263,12,Sandwich,22,22,2,0,1,Cloudy,1,0,2.5
1264,10,Biryani,10,32,4,1,0,Clear,0,0,3.0
1265,14,Burger,2,59,2,0,0,Rainy,0,0,2.8333333333333335
1266,9,Biryani,12,28,4,1,0,Clear,0,0,3.3333333333333335
1267,17,Fried Rice,12,34,5,0,1,Clear,0,0,3.1666666666666665
1268,18,Pasta,12,35,1,1,0,Cloudy,0,0,2.769230769230769
1269,16,Pasta,23,22,2,1,0,Rainy,0,0,2.8333333333333335
1270,10,Pizza,0,52,5,0,0,Cloudy,0,0,3.8
1271,18,Pasta,6,40,1,0,0,Cloudy,0,0,2.0
1272,4,Pasta,3,40,4,0,0,Rainy,0,0,3.2857142857142856
1273,19,Burger,18,26,3,0,0,Clear,1,0,3.3333333333333335
1274,16,Burger,16,49,5,1,0,Clear,0,0,3.0
1275,9,Pizza,9,34,2,0,0,Cloudy,0,0,3.375
1276,3,Pasta,2,35,1,1,0,Cloudy,0,0,2.6666666666666665
1277,2,Burger,21,52,1,0,0,Clear,1,0,2.4285714285714284
1278,18,Pasta,8,26,3,1,0,Cloudy,0,0,2.25
1279,4,Fried Rice,8,39,4,1,1,Clear,0,1,3.625
1280,10,Sandwich,0,21,3,0,0,Rainy,0,0,3.8
1281,18,Burger,9,59,5,0,0,Clear,0,0,5.0
1282,5,Fried Rice,22,36,3,0,0,Clear,1,0,2.6
1283,1,Burger,9,52,2,0,0,Cloudy,0,0,3.2
1284,6,Pasta,6,20,1,0,1,Rainy,0,0,3.25
1285,15,Fried Rice,8,57,4,0,0,Rainy,0,0,3.5
1286,8,Sandwich,18,44,1,1,1,Rainy,1,1,1.6666666666666667
1287,10,Pasta,21,23,4,1,0,Cloudy,1,0,2.4
1288,12,Fried Rice,16,23,4,1,1,Cloudy,0,1,3.2
1289,9,Burger,21,26,4,0,1,Rainy,1,0,2.888888888888889
1290,5,Fried Rice,20,56,2,0,1,Cloudy,1,0,2.6
1291,4,Burger,21,41,1,1,1,Cloudy,1,1,2.6666666666666665
1292,6,Fried Rice,9,43,1,0,0,Rainy,0,0,3.2222222222222223
1293,13,Pasta,9,58,4,1,0,Rainy,0,0,3.8333333333333335
1294,8,Biryani,11,30,1,1,0,Cloudy,0,0,2.4
1295,6,Sandwich,17,52,5,0,1,Rainy,0,0,3.0
1296,18,Biryani,0,43,2,1,1,Rainy,0,1,1.5
1297,5,Biryani,18,42,5,1,0,Rainy,1,0,3.4166666666666665
1298,3,Biryani,9,41,3,1,0,Clear,0,0,3.3333333333333335
1299,9,Burger,10,21,1,0,1,Rainy,0,0,3.0
1300,15,Pizza,14,59,1,1,1,Clear,0,1,2.4285714285714284
1301,14,Pasta,0,42,2,0,1,Rainy,0,0,2.6666666666666665
1302,15,Sandwich,14,21,1,1,0,Rainy,0,0,2.4285714285714284
1303,19,Biryani,20,31,3,0,1,Cloudy,1,0,3.5
1304,14,Sandwich,7,36,4,0,1,Rainy,0,0,4.333333333333333
1305,4,Biryani,23,49,3,1,1,Cloudy,0,1,3.4444444444444446
1306,18,Sandwich,5,23,2,0,1,Clear,0,0,3.3333333333333335
1307,10,Pizza,7,35,5,0,0,Rainy,0,0,3.6666666666666665
1308,1,Biryani,12,52,4,0,0,Clear,0,0,3.0
1309,6,Fried Rice,18,36,2,0,1,Clear,1,0,3.3333333333333335
1310,18,Burger,10,44,4,1,1,Rainy,0,1,1.75
1311,8,Fried Rice,2,24,2,0,1,Clear,0,0,2.0
1312,2,Pizza,2,52,4,0,0,Rainy,0,0,3.857142857142857
1313,4,Pizza,14,59,5,1,0,Clear,0,0,3.5
1314,6,Sandwich,22,42,1,0,0,Clear,1,0,3.2
1315,18,Burger,8,41,1,0,0,Rainy,0,0,2.25
1316,16,Fried Rice,23,24,3,0,1,Cloudy,0,0,2.8333333333333335
1317,11,Burger,0,51,3,0,0,Cloudy,0,0,2.4285714285714284
1318,13,Burger,11,48,3,0,0,Clear,0,0,2.3333333333333335
1319,17,Fried Rice,8,44,3,0,0,Rainy,0,0,3.0
1320,1,Sandwich,20,48,2,1,0,Rainy,1,0,3.6
1321,17,Biryani,19,37,4,0,0,Rainy,1,0,3.6666666666666665
1322,2,Burger,21,59,5,1,0,Rainy,1,0,2.4285714285714284
1323,17,Burger,12,33,5,0,0,Clear,0,0,3.1666666666666665
1324,11,Pasta,22,21,3,0,1,Clear,1,0,3.0
1325,2,Pizza,23,43,5,0,1,Clear,0,0,2.5555555555555554
1326,13,Burger,16,28,4,1,1,Rainy,0,1,3.5
1327,11,Fried Rice,4,50,2,1,1,Rainy,0,1,3.4
1328,13,Pizza,4,28,1,1,1,Cloudy,0,1,3.3333333333333335
1329,8,Pizza,9,44,2,0,1,Clear,0,0,2.6
1330,1,Pizza,4,31,1,0,0,Rainy,0,0,2.2
1331,18,Sandwich,5,40,3,1,0,Clear,0,0,3.3333333333333335
1332,2,Burger,18,45,5,1,1,Cloudy,1,1,2.6666666666666665
1333,7,Pasta,16,56,2,1,1,Clear,0,1,3.5714285714285716
1334,11,Fried Rice,1,35,5,0,0,Rainy,0,0,2.8333333333333335
1335,2,Burger,16,32,3,1,1,Cloudy,0,1,3.0
1336,15,Pizza,2,39,4,0,0,Clear,0,0,3.0
1337,18,Sandwich,18,53,2,0,0,Rainy,1,0,2.8333333333333335
1338,18,Sandwich,5,24,5,0,1,Rainy,0,0,3.3333333333333335
1339,3,Biryani,21,25,5,1,1,Clear,1,1,3.1666666666666665
1340,7,Burger,16,47,3,1,1,Cloudy,0,1,3.5714285714285716
1341,18,Sandwich,13,36,1,0,0,Rainy,0,0,3.1666666666666665
1342,9,Burger,18,26,5,0,0,Cloudy,1,0,5.0
1343,14,Pasta,13,49,5,0,0,Cloudy,0,0,3.5714285714285716
1344,15,Sandwich,19,37,4,1,0,Cloudy,1,0,2.8181818181818183
1345,13,Pizza,12,50,4,1,0,Rainy,0,0,3.3333333333333335
1346,13,Pasta,7,43,5,0,0,Clear,0,0,2.8
1347,11,Fried Rice,12,44,3,0,0,Clear,0,0,3.625
1348,7,Biryani,20,37,2,0,1,Cloudy,1,0,1.5
1349,13,Burger,20,41,4,1,1,Rainy,1,1,3.0
1350,6,Sandwich,8,47,3,0,1,Cloudy,0,0,2.2
1351,3,Pizza,9,34,5,1,0,Clear,0,0,3.3333333333333335
1352,12,Burger,13,52,1,1,0,Rainy,0,0,3.5
1353,11,Sandwich,12,20,3,1,0,Rainy,0,0,3.625
1354,2,Burger,13,40,3,1,1,Clear,0,1,2.5
1355,11,Fried Rice,4,34,5,1,0,Cloudy,0,0,3.4
1356,19,Pizza,16,40,5,0,0,Clear,0,0,4.0
1357,15,Pizza,14,24,2,0,0,Cloudy,0,0,2.4285714285714284
1358,16,Biryani,11,20,3,0,0,Cloudy,0,0,3.7142857142857144
1359,14,Biryani,10,26,5,1,0,Clear,0,0,3.8
1360,11,Pasta,22,34,1,0,1,Clear,1,0,3.0
1361,12,Fried Rice,14,56,2,0,1,Clear,0,0,3.6666666666666665
1362,5,Sandwich,7,52,2,1,1,Clear,0,1,2.25
1363,1,Fried Rice,0,33,4,1,0,Rainy,0,0,3.4
1364,19,Biryani,8,21,3,0,0,Rainy,0,0,2.375
1365,13,Pasta,12,27,2,1,0,Cloudy,0,0,3.3333333333333335
1366,5,Biryani,18,20,4,0,0,Clear,1,0,3.4166666666666665
1367,11,Fried Rice,12,20,5,1,1,Clear,0,1,3.625
1368,12,Sandwich,10,45,3,1,1,Cloudy,0,1,2.625
1369,5,Burger,9,27,4,0,0,Rainy,0,0,3.5
1370,4,Sandwich,11,55,3,1,0,Clear,0,0,3.0
1371,7,Burger,11,27,4,1,0,Cloudy,0,0,3.4
1372,15,Burger,18,33,1,0,1,Cloudy,1,0,2.6666666666666665
1373,1,Pizza,1,40,5,0,1,Rainy,0,0,3.0
1374,6,Burger,8,56,2,0,0,Cloudy,0,0,2.2
1375,14,Sandwich,6,25,5,1,1,Rainy,0,1,5.0
1376,1,Burger,19,59,4,1,0,Cloudy,1,0,2.6
1377,8,Pizza,11,56,2,0,0,Clear,0,0,2.4
1378,10,Burger,19,29,4,1,1,Clear,1,1,2.6666666666666665
1379,19,Biryani,0,42,1,0,1,Rainy,0,0,3.375
1380,16,Pasta,17,54,3,0,1,Rainy,0,0,3.0
1381,16,Biryani,7,39,4,1,1,Clear,0,1,3.5
1382,3,Pizza,23,57,2,0,1,Rainy,0,0,3.4
1383,7,Sandwich,18,59,2,0,1,Rainy,1,0,4.0
1384,7,Pasta,21,57,2,0,0,Clear,1,0,2.8333333333333335
1385,5,Pasta,17,33,1,0,0,Clear,0,0,2.142857142857143
1386,8,Fried Rice,13,54,1,0,1,Clear,0,0,2.3333333333333335
1387,17,Biryani,10,54,1,1,1,Cloudy,0,1,3.25
1388,4,Fried Rice,11,40,3,0,0,Cloudy,0,0,3.0
1389,11,Sandwich,6,53,1,0,1,Rainy,0,0,2.375
1390,14,Biryani,13,56,4,0,0,Rainy,0,0,3.5714285714285716
1391,3,Fried Rice,16,35,3,1,1,Rainy,0,1,2.5
1392,6,Fried Rice,4,51,4,1,0,Rainy,0,0,3.4
1393,1,Fried Rice,11,22,5,0,1,Clear,0,0,3.25
1394,19,Fried Rice,22,20,1,0,1,Clear,1,0,2.5
1395,17,Sandwich,2,56,1,0,1,Rainy,0,0,2.5
1396,17,Pizza,20,46,3,1,1,Clear,1,1,2.625
1397,6,Pizza,1,57,2,1,0,Clear,0,0,2.0
1398,10,Pizza,12,45,4,0,0,Cloudy,0,0,4.0
1399,12,Sandwich,20,22,2,1,0,Clear,1,0,2.0
1400,13,Pizza,0,50,1,0,1,Cloudy,0,0,3.0
1401,15,Biryani,2,24,3,1,1,Clear,0,1,3.0
1402,6,Fried Rice,2,31,5,0,1,Rainy,0,0,3.0
1403,9,Biryani,6,29,4,0,1,Cloudy,0,0,3.0
1404,10,Sandwich,10,32,3,0,0,Cloudy,0,0,3.0
1405,9,Burger,21,21,2,1,1,Cloudy,1,1,2.888888888888889
1406,9,Sandwich,8,39,4,0,1,Cloudy,0,0,3.0
1407,13,Biryani,11,43,1,0,1,Clear,0,0,2.3333333333333335
1408,16,Burger,1,35,2,1,1,Rainy,0,1,3.2
1409,12,Biryani,0,22,2,1,0,Rainy,0,0,2.6
1410,12,Burger,8,35,5,1,1,Cloudy,0,1,3.75
1411,14,Pizza,21,23,1,1,1,Rainy,1,1,2.5
1412,6,Pizza,9,24,4,0,0,Clear,0,0,3.2222222222222223
1413,8,Pasta,21,31,3,1,1,Clear,1,1,3.75
1414,16,Pizza,7,57,3,1,0,Clear,0,0,3.5
1415,12,Pasta,3,44,1,0,0,Rainy,0,0,2.0
1416,11,Biryani,2,57,3,0,0,Rainy,0,0,3.3333333333333335
1417,2,Pasta,18,34,3,0,1,Clear,1,0,2.6666666666666665
1418,9,Fried Rice,22,42,2,1,1,Rainy,1,1,2.5714285714285716
1419,5,Burger,20,38,1,0,0,Rainy,1,0,2.6
1420,4,Pasta,13,47,3,0,1,Rainy,0,0,2.4
1421,2,Sandwich,4,50,2,1,0,Clear,0,0,2.4
1422,19,Burger,9,26,2,1,0,Rainy,0,0,2.857142857142857
1423,8,Sandwich,13,29,4,0,0,Clear,0,0,2.3333333333333335
1424,11,Pasta,12,24,5,1,1,Cloudy,0,1,3.625
1425,3,Pasta,2,48,1,1,0,Cloudy,0,0,2.6666666666666665
1426,15,Pasta,11,41,2,1,0,Rainy,0,0,3.0
1427,11,Pizza,19,32,1,1,0,Rainy,1,0,1.4
1428,2,Pizza,17,58,5,0,1,Rainy,0,0,2.6666666666666665
1429,19,Burger,8,25,1,0,1,Clear,0,0,2.375
1430,6,Fried Rice,14,54,1,1,0,Cloudy,0,0,2.0
1431,13,Biryani,22,54,4,0,0,Cloudy,1,0,3.0
1432,2,Fried Rice,4,34,3,1,0,Clear,0,0,2.4
1433,9,Biryani,6,45,3,1,0,Rainy,0,0,3.0
1434,2,Pasta,18,29,2,1,0,Clear,1,0,2.6666666666666665
1435,7,Fried Rice,9,53,2,1,1,Clear,0,1,2.25
1436,10,Biryani,5,54,3,0,0,Rainy,0,0,3.0
1437,16,Biryani,7,44,4,1,1,Rainy,0,1,3.5
1438,5,Fried Rice,14,53,1,1,1,Cloudy,0,1,2.75
1439,17,Pizza,20,49,3,0,1,Cloudy,1,0,2.625
1440,11,Sandwich,2,58,2,0,0,Clear,0,0,3.3333333333333335
1441,2,Burger,11,44,2,0,1,Clear,0,0,3.0
1442,17,Biryani,14,30,1,1,0,Rainy,0,0,2.75
1443,3,Pizza,8,39,2,0,1,Clear,0,0,3.6
1444,9,Biryani,1,24,5,0,1,Rainy,0,0,3.0
1445,11,Fried Rice,14,24,5,1,0,Cloudy,0,0,3.8
1446,13,Biryani,10,26,4,0,0,Cloudy,0,0,3.4
1447,17,Burger,18,49,3,1,0,Clear,1,0,3.5
1448,9,Pizza,14,22,3,0,1,Rainy,0,0,3.0
1449,15,Fried Rice,18,59,4,0,0,Cloudy,1,0,2.6666666666666665
1450,8,Sandwich,19,23,2,1,0,Clear,1,0,2.8
1451,1,Fried Rice,22,26,2,1,1,Rainy,1,1,2.2
1452,12,Biryani,10,51,4,0,0,Rainy,0,0,2.625
1453,14,Burger,22,23,4,1,1,Rainy,1,1,2.3333333333333335
1454,15,Sandwich,17,29,4,0,0,Cloudy,0,0,3.0
1455,11,Biryani,11,22,4,0,0,Clear,0,0,3.0
1456,3,Pizza,16,48,1,0,1,Rainy,0,0,2.5
1457,4,Biryani,5,29,3,1,1,Clear,0,1,2.6666666666666665
1458,9,Burger,11,34,1,0,1,Clear,0,0,2.3333333333333335
1459,15,Sandwich,23,24,3,1,0,Clear,0,0,3.3333333333333335
1460,19,Sandwich,23,41,2,0,1,Clear,0,0,3.25
1461,17,Pasta,11,48,1,1,1,Rainy,0,1,3.25
1462,1,Fried Rice,0,29,2,0,1,Clear,0,0,3.4
1463,9,Pizza,20,30,3,0,0,Cloudy,1,0,3.0
1464,19,Sandwich,19,24,3,0,1,Cloudy,1,0,3.0
1465,8,Pizza,7,40,3,1,0,Clear,0,0,3.0
1466,9,Burger,15,47,3,1,1,Clear,0,1,2.6666666666666665
1467,3,Pizza,15,32,1,0,1,Clear,0,0,3.5
1468,15,Fried Rice,23,56,1,1,0,Rainy,0,0,3.3333333333333335
1469,18,Burger,4,29,2,1,1,Clear,0,1,2.3333333333333335
1470,1,Fried Rice,5,40,1,1,1,Clear,0,1,2.3333333333333335
1471,1,Fried Rice,5,41,5,0,0,Rainy,0,0,2.3333333333333335
1472,17,Burger,3,56,2,1,0,Clear,0,0,2.8333333333333335
1473,5,Burger,2,36,3,1,0,Rainy,0,0,3.25
1474,7,Burger,8,42,4,1,0,Cloudy,0,0,3.6666666666666665
1475,6,Burger,23,27,5,0,1,Rainy,0,0,2.6666666666666665
1476,14,Pizza,16,57,1,1,0,Cloudy,0,0,1.0
1477,10,Pizza,18,49,4,0,1,Rainy,1,0,3.0
1478,2,Biryani,19,32,3,1,0,Rainy,1,0,4.5
1479,3,Biryani,19,37,1,0,0,Cloudy,1,0,2.6666666666666665
1480,12,Burger,12,40,2,0,0,Cloudy,0,0,3.5
1481,8,Fried Rice,10,41,2,1,0,Cloudy,0,0,3.25
1482,16,Pasta,5,53,5,1,1,Rainy,0,1,3.0
1483,6,Pizza,17,21,1,1,1,Clear,0,1,3.0
1484,18,Burger,12,41,5,0,0,Rainy,0,0,2.769230769230769
1485,19,Biryani,7,42,4,0,1,Clear,0,0,4.0
1486,19,Pizza,12,32,3,0,0,Clear,0,0,3.0
1487,16,Pizza,23,57,1,0,0,Cloudy,0,0,2.8333333333333335
1488,18,Pizza,23,31,5,1,1,Clear,0,1,2.75
1489,3,Burger,8,44,5,1,0,Rainy,0,0,3.6
1490,1,Fried Rice,4,51,3,1,0,Cloudy,0,0,2.2
1491,4,Biryani,13,51,4,0,1,Rainy,0,0,2.4
1492,2,Fried Rice,23,35,5,0,0,Cloudy,0,0,2.5555555555555554
1493,1,Fried Rice,0,53,2,1,0,Clear,0,0,3.4
1494,14,Pasta,0,39,1,1,0,Cloudy,0,0,2.6666666666666665
1495,4,Fried Rice,17,52,4,0,1,Cloudy,0,0,2.857142857142857
1496,17,Burger,3,25,1,0,0,Clear,0,0,2.8333333333333335
1497,10,Pasta,23,24,3,0,1,Clear,0,0,1.75
1498,16,Pasta,14,32,5,1,0,Cloudy,0,0,4.25
1499,10,Biryani,7,58,3,1,0,Clear,0,0,3.6666666666666665
1500,17,Sandwich,14,25,5,1,0,Rainy,0,0,2.75
1501,3,Pasta,11,34,4,0,1,Rainy,0,0,2.5
1502,16,Burger,16,22,4,0,1,Cloudy,0,0,3.0
1503,14,Biryani,14,40,4,0,0,Cloudy,0,0,3.2
1504,2,Fried Rice,15,54,1,0,1,Clear,0,0,2.7142857142857144
1505,13,Pizza,19,29,1,1,1,Clear,1,1,2.8
1506,4,Burger,4,38,5,0,1,Cloudy,0,0,5.0
1507,15,Sandwich,3,48,2,0,1,Rainy,0,0,2.25
1508,16,Fried Rice,16,50,1,1,1,Clear,0,1,3.0
1509,12,Pizza,0,25,4,0,0,Cloudy,0,0,2.6
1510,1,Burger,17,59,4,0,1,Rainy,0,0,3.1666666666666665
1511,4,Fried Rice,3,55,4,0,1,Clear,0,0,3.2857142857142856
1512,7,Sandwich,23,42,5,1,0,Clear,0,0,3.0
1513,2,Fried Rice,10,35,1,1,1,Clear,0,1,3.1666666666666665
1514,3,Pasta,16,28,1,0,0,Cloudy,0,0,2.5
1515,7,Pizza,12,21,4,0,1,Rainy,0,0,4.5
1516,2,Fried Rice,7,43,5,1,1,Rainy,0,1,3.25
1517,2,Sandwich,0,43,2,1,0,Cloudy,0,0,2.3333333333333335
1518,7,Fried Rice,22,44,4,1,0,Rainy,1,0,3.8333333333333335
1519,6,Sandwich,0,49,2,0,1,Clear,0,0,2.5
1520,3,Sandwich,1,24,1,1,0,Cloudy,0,0,2.8
1521,7,Pizza,14,27,1,1,1,Rainy,0,1,2.5
1522,10,Sandwich,18,53,3,0,0,Rainy,1,0,3.0
1523,11,Pizza,5,53,5,1,0,Rainy,0,0,2.8
1524,2,Fried Rice,10,45,3,1,0,Clear,0,0,3.1666666666666665
1525,7,Biryani,4,40,3,0,1,Cloudy,0,0,3.5
1526,18,Pasta,18,31,4,1,0,Clear,1,0,2.8333333333333335
1527,17,Biryani,15,55,1,1,1,Clear,0,1,1.25
1528,9,Pizza,18,42,5,1,1,Clear,1,1,5.0
1529,1,Fried Rice,2,55,4,1,1,Clear,0,1,3.5
1530,3,Fried Rice,22,47,4,1,1,Clear,1,1,3.25
1531,4,Sandwich,20,47,4,0,1,Rainy,1,0,2.5
1532,7,Burger,0,23,1,1,0,Clear,0,0,3.0
1533,2,Biryani,14,34,5,0,1,Rainy,0,0,3.6
1534,16,Pizza,19,32,3,0,0,Rainy,1,0,2.6666666666666665
1535,17,Fried Rice,14,58,4,0,1,Rainy,0,0,2.75
1536,5,Pizza,18,50,4,0,1,Clear,1,0,3.4166666666666665
1537,13,Fried Rice,9,31,5,0,0,Rainy,0,0,3.8333333333333335
1538,18,Sandwich,2,42,3,0,0,Cloudy,0,0,3.6666666666666665
1539,13,Biryani,9,43,2,0,1,Rainy,0,0,3.8333333333333335
1540,18,Pasta,7,58,1,1,0,Rainy,0,0,3.0
1541,16,Biryani,0,49,2,0,0,Cloudy,0,0,2.6
1542,4,Biryani,22,29,1,1,1,Rainy,1,1,3.0
1543,7,Fried Rice,3,27,1,1,0,Rainy,0,0,2.5
1544,12,Burger,5,25,3,1,1,Rainy,0,1,2.3333333333333335
1545,4,Sandwich,14,20,5,0,1,Cloudy,0,0,3.5
1546,2,Fried Rice,23,26,3,0,1,Clear,0,0,2.5555555555555554
1547,5,Biryani,18,52,4,1,0,Clear,1,0,3.4166666666666665
1548,4,Pizza,3,27,1,0,0,Cloudy,0,0,3.2857142857142856
1549,19,Biryani,21,29,4,0,1,Cloudy,1,0,2.4444444444444446
1550,8,Biryani,13,43,1,1,1,Clear,0,1,2.3333333333333335
1551,6,Sandwich,7,55,5,1,1,Rainy,0,1,3.2
1552,1,Sandwich,19,48,4,1,1,Clear,1,1,2.6
1553,6,Sandwich,22,24,5,1,0,Clear,1,0,3.2
1554,17,Biryani,14,51,1,0,0,Cloudy,0,0,2.75
1555,5,Pasta,2,58,3,1,1,Clear,0,1,3.25
1556,8,Fried Rice,19,20,3,1,1,Clear,1,1,2.8
1557,10,Burger,22,55,1,0,1,Cloudy,1,0,2.2
1558,6,Burger,20,24,1,1,0,Cloudy,1,0,2.6666666666666665
1559,3,Pasta,2,51,1,0,0,Clear,0,0,2.6666666666666665
1560,15,Biryani,2,23,4,1,0,Clear,0,0,3.0
1561,19,Sandwich,1,32,3,0,1,Clear,0,0,3.5714285714285716
1562,14,Pizza,23,47,3,1,1,Rainy,0,1,2.75
1563,10,Pasta,5,25,4,1,1,Rainy,0,1,3.0
1564,10,Sandwich,9,48,5,0,0,Clear,0,0,3.0
1565,15,Sandwich,1,31,1,0,1,Cloudy,0,0,2.0
1566,2,Pizza,12,38,3,1,0,Clear,0,0,2.0
1567,15,Sandwich,21,37,1,1,0,Rainy,1,0,3.0
1568,3,Pizza,12,52,5,1,0,Rainy,0,0,3.2
1569,3,Burger,10,42,4,1,1,Cloudy,0,1,3.0
1570,15,Pizza,5,22,5,0,1,Rainy,0,0,3.25
1571,11,Burger,6,21,1,0,1,Rainy,0,0,2.375
1572,17,Biryani,13,25,5,0,0,Clear,0,0,3.0
1573,3,Burger,14,56,3,1,1,Rainy,0,1,3.3333333333333335
1574,13,Biryani,5,37,5,1,1,Rainy,0,1,3.142857142857143
1575,15,Burger,9,39,4,0,0,Cloudy,0,0,4.5
1576,17,Fried Rice,12,30,3,1,1,Cloudy,0,1,3.1666666666666665
1577,4,Fried Rice,7,43,3,0,0,Rainy,0,0,3.25
1578,4,Pasta,23,50,3,0,1,Cloudy,0,0,3.4444444444444446
1579,13,Sandwich,18,44,3,1,0,Rainy,1,0,2.0
1580,6,Fried Rice,11,53,5,0,0,Clear,0,0,2.8333333333333335
1581,11,Pasta,0,44,4,1,1,Cloudy,0,1,2.4285714285714284
1582,10,Fried Rice,3,34,4,0,0,Cloudy,0,0,3.6
1583,5,Pizza,12,28,4,0,1,Rainy,0,0,2.8333333333333335
1584,17,Pasta,22,52,2,0,0,Clear,1,0,2.2
1585,5,Fried Rice,13,48,1,0,1,Clear,0,0,2.25
1586,7,Burger,1,21,5,1,1,Rainy,0,1,5.0
1587,9,Pasta,20,22,3,1,0,Rainy,1,0,3.0
1588,3,Fried Rice,6,44,4,1,0,Cloudy,0,0,4.0
1589,8,Biryani,6,50,5,1,1,Cloudy,0,1,3.5
1590,19,Biryani,22,42,3,0,0,Clear,1,0,2.5
1591,4,Fried Rice,23,21,4,1,0,Rainy,0,0,3.4444444444444446
1592,6,Pasta,3,52,5,0,0,Cloudy,0,0,2.75
1593,12,Pasta,23,28,2,1,0,Rainy,0,0,3.2857142857142856
1594,9,Sandwich,13,48,3,1,0,Rainy,0,0,3.6666666666666665
1595,8,Pasta,6,21,2,0,1,Clear,0,0,3.5
1596,19,Burger,0,53,2,0,1,Cloudy,0,0,3.375
1597,3,Pasta,23,39,1,0,0,Clear,0,0,3.4
1598,6,Fried Rice,8,25,1,0,0,Cloudy,0,0,2.2
1599,9,Sandwich,8,40,3,1,1,Cloudy,0,1,3.0
1600,5,Sandwich,17,55,3,1,0,Cloudy,0,0,2.142857142857143
1601,17,Biryani,22,31,4,0,1,Rainy,1,0,2.2
1602,8,Pasta,14,58,4,1,0,Cloudy,0,0,3.2
1603,17,Sandwich,11,57,3,1,0,Rainy,0,0,3.25
1604,10,Fried Rice,14,59,1,1,1,Cloudy,0,1,2.0
1605,10,Biryani,13,39,5,1,1,Cloudy,0,1,3.2
1606,10,Pasta,18,53,2,1,0,Cloudy,1,0,3.0
1607,13,Fried Rice,1,38,4,0,1,Cloudy,0,0,2.4
1608,13,Pizza,21,31,3,0,1,Cloudy,1,0,3.5
1609,17,Burger,3,59,3,0,1,Cloudy,0,0,2.8333333333333335
1610,19,Biryani,14,56,4,0,1,Rainy,0,0,3.0
1611,17,Fried Rice,23,42,1,1,0,Rainy,0,0,1.8
1612,6,Pasta,2,45,1,1,0,Clear,0,0,3.0
1613,11,Pasta,11,27,4,1,0,Cloudy,0,0,3.0
1614,18,Pizza,0,58,1,0,0,Cloudy,0,0,1.5
1615,14,Pasta,17,45,5,0,0,Rainy,0,0,3.75
1616,17,Pasta,20,23,1,0,1,Clear,1,0,2.625
1617,9,Fried Rice,7,56,3,1,0,Clear,0,0,3.0
1618,3,Burger,0,47,5,0,0,Clear,0,0,2.6666666666666665
1619,7,Sandwich,7,34,2,1,1,Rainy,0,1,2.0
1620,10,Pizza,0,33,4,0,0,Rainy,0,0,3.8
1621,10,Burger,20,59,2,1,1,Rainy,1,1,3.4
1622,7,Pizza,2,51,4,1,1,Rainy,0,1,3.25
1623,13,Fried Rice,3,26,1,0,1,Rainy,0,0,2.0
1624,12,Sandwich,3,32,5,1,1,Clear,0,1,2.0
1625,19,Biryani,16,26,4,1,1,Cloudy,0,1,4.0
1626,13,Biryani,13,22,4,0,1,Clear,0,0,3.0
1627,16,Biryani,13,49,2,1,0,Cloudy,0,0,2.75
1628,8,Fried Rice,9,41,1,1,1,Cloudy,0,1,2.6
1629,18,Pizza,16,56,4,0,0,Rainy,0,0,2.25
1630,13,Fried Rice,3,27,1,1,0,Cloudy,0,0,2.0
1631,18,Biryani,8,34,2,0,1,Rainy,0,0,2.25
1632,18,Pizza,3,41,5,0,1,Clear,0,0,4.0
1633,9,Pizza,9,26,5,1,1,Rainy,0,1,3.375
1634,19,Pasta,9,33,4,0,1,Rainy,0,0,2.857142857142857
1635,3,Burger,1,51,3,1,1,Clear,0,1,2.8
1636,18,Pizza,17,40,4,0,1,Clear,0,0,3.6
1637,5,Sandwich,18,25,3,0,0,Cloudy,1,0,3.4166666666666665
1638,5,Fried Rice,20,55,5,0,1,Clear,1,0,2.6
1639,1,Pasta,4,26,3,1,0,Cloudy,0,0,2.2
1640,2,Pasta,19,43,5,0,0,Clear,1,0,4.5
1641,11,Pasta,1,49,5,0,1,Rainy,0,0,2.8333333333333335
1642,11,Sandwich,9,27,3,0,0,Rainy,0,0,3.5
1643,17,Biryani,2,52,2,0,0,Rainy,0,0,2.5
1644,19,Biryani,1,44,3,0,0,Clear,0,0,3.5714285714285716
1645,14,Burger,22,20,2,0,1,Clear,1,0,2.3333333333333335
1646,9,Pasta,4,31,5,0,0,Rainy,0,0,5.0
1647,10,Pasta,19,31,1,0,0,Clear,1,0,2.6666666666666665
1648,8,Fried Rice,10,55,1,1,1,Rainy,0,1,3.25
1649,17,Biryani,4,56,4,0,1,Clear,0,0,4.0
1650,10,Sandwich,10,21,1,0,1,Clear,0,0,3.0
1651,3,Burger,14,50,4,1,1,Clear,0,1,3.3333333333333335
1652,15,Burger,19,46,4,0,1,Clear,1,0,2.8181818181818183
1653,2,Sandwich,8,31,5,0,0,Clear,0,0,2.5
1654,12,Biryani,22,24,1,1,1,Cloudy,1,1,2.5
1655,17,Burger,23,36,1,1,0,Rainy,0,0,1.8
1656,1,Burger,11,51,3,0,1,Cloudy,0,0,3.25
1657,11,Biryani,6,43,5,0,1,Clear,0,0,2.375
1658,12,Pizza,11,47,1,0,0,Cloudy,0,0,2.75
1659,13,Burger,11,36,2,1,0,Rainy,0,0,2.3333333333333335
1660,8,Burger,15,32,1,0,0,Rainy,0,0,3.0
1661,13,Pasta,4,34,5,1,0,Clear,0,0,3.3333333333333335
1662,4,Pizza,14,47,1,1,0,Clear,0,0,3.5
1663,16,Burger,13,32,3,0,1,Clear,0,0,2.75
1664,8,Pizza,17,24,3,1,1,Rainy,0,1,2.6666666666666665
1665,8,Pizza,8,28,1,0,0,Clear,0,0,1.75
1666,9,Fried Rice,2,49,1,0,0,Clear,0,0,2.6666666666666665
1667,13,Fried Rice,12,57,4,1,0,Clear,0,0,3.3333333333333335
1668,6,Pasta,9,24,2,0,0,Cloudy,0,0,3.2222222222222223
1669,19,Fried Rice,0,57,5,1,1,Rainy,0,1,3.375
1670,10,Sandwich,4,54,1,0,1,Clear,0,0,2.75
1671,4,Pizza,7,43,3,1,0,Rainy,0,0,3.25
1672,3,Biryani,17,49,5,1,0,Clear,0,0,3.0
1673,14,Burger,7,54,4,0,0,Rainy,0,0,4.333333333333333
1674,10,Pasta,19,54,4,1,0,Rainy,1,0,2.6666666666666665
1675,1,Fried Rice,10,31,3,1,0,Cloudy,0,0,2.75
1676,10,Burger,11,37,2,0,1,Cloudy,0,0,1.25
1677,13,Pasta,12,32,5,0,1,Clear,0,0,3.3333333333333335
1678,5,Fried Rice,17,36,2,0,1,Cloudy,0,0,2.142857142857143
1679,11,Pasta,23,56,1,1,0,Clear,0,0,2.888888888888889
1680,14,Burger,13,27,2,1,1,Clear,0,1,3.5714285714285716
1681,14,Sandwich,12,29,3,1,0,Rainy,0,0,3.2
1682,10,Pizza,23,38,1,1,1,Clear,0,1,1.75
1683,16,Pizza,15,58,4,0,0,Rainy,0,0,2.2857142857142856
1684,17,Fried Rice,1,43,3,0,1,Rainy,0,0,2.142857142857143
1685,9,Burger,5,58,1,1,1,Clear,0,1,2.7
1686,9,Burger,9,40,5,0,0,Clear,0,0,3.375
1687,4,Pizza,12,47,1,0,1,Clear,0,0,2.8
1688,3,Biryani,2,33,5,0,1,Cloudy,0,0,2.6666666666666665
1689,12,Sandwich,8,58,2,0,0,Cloudy,0,0,3.75
1690,6,Pasta,3,47,4,0,1,Rainy,0,0,2.75
1691,16,Sandwich,3,36,2,1,1,Rainy,0,1,2.5
1692,2,Pizza,19,29,5,0,1,Rainy,1,0,4.5
1693,18,Biryani,21,58,5,0,0,Clear,1,0,3.6666666666666665
1694,10,Pizza,15,40,1,1,1,Clear,0,1,1.875
1695,15,Fried Rice,5,44,4,0,1,Clear,0,0,3.25
1696,8,Burger,10,44,5,0,1,Cloudy,0,0,3.25
1697,9,Burger,16,43,5,0,0,Clear,0,0,3.142857142857143
1698,3,Biryani,7,56,5,0,1,Rainy,0,0,3.75
1699,4,Burger,23,57,3,0,1,Clear,0,0,3.4444444444444446
1700,19,Pizza,18,29,3,0,1,Clear,1,0,3.3333333333333335
1701,1,Pizza,7,30,5,1,1,Clear,0,1,4.2
1702,15,Burger,19,29,1,1,1,Cloudy,1,1,2.8181818181818183
1703,10,Pasta,18,28,3,0,1,Clear,1,0,3.0
1704,13,Pizza,17,25,5,1,1,Cloudy,0,1,3.0
1705,1,Burger,5,51,1,1,1,Rainy,0,1,2.3333333333333335
1706,9,Burger,3,46,1,1,0,Rainy,0,0,2.0
1707,19,Pasta,21,55,1,1,1,Clear,1,1,2.4444444444444446
1708,14,Burger,20,30,5,1,0,Clear,1,0,3.5
1709,10,Sandwich,4,37,3,1,0,Clear,0,0,2.75
1710,9,Burger,9,35,1,0,0,Clear,0,0,3.375
1711,15,Burger,1,49,4,0,1,Cloudy,0,0,2.0
1712,10,Biryani,2,35,1,0,1,Clear,0,0,2.6666666666666665
1713,4,Pasta,8,28,3,1,0,Cloudy,0,0,3.625
1714,2,Pizza,2,53,5,1,0,Rainy,0,0,3.857142857142857
1715,2,Pizza,8,52,1,0,0,Cloudy,0,0,2.5
1716,1,Fried Rice,7,21,5,0,1,Cloudy,0,0,4.2
1717,13,Fried Rice,9,32,2,1,1,Clear,0,1,3.8333333333333335
1718,12,Fried Rice,4,51,5,0,0,Clear,0,0,3.2
1719,2,Burger,14,29,4,1,0,Rainy,0,0,3.6
1720,7,Fried Rice,12,42,5,0,0,Rainy,0,0,4.5
1721,18,Sandwich,19,34,1,0,0,Clear,1,0,1.5
1722,16,Burger,13,51,1,1,1,Cloudy,0,1,2.75
1723,19,Biryani,1,38,4,0,0,Rainy,0,0,3.5714285714285716
1724,13,Pasta,19,35,1,0,0,Clear,1,0,2.8
1725,12,Burger,13,53,5,1,0,Rainy,0,0,3.5
1726,14,Pasta,19,49,5,1,1,Rainy,1,1,3.3333333333333335
1727,16,Pizza,2,24,4,0,1,Rainy,0,0,3.1666666666666665
1728,13,Sandwich,1,31,1,0,0,Rainy,0,0,2.4
1729,11,Fried Rice,6,57,1,0,1,Rainy,0,0,2.375
1730,18,Fried Rice,12,58,3,0,1,Rainy,0,0,2.769230769230769
1731,9,Biryani,11,35,2,0,0,Rainy,0,0,2.3333333333333335
1732,12,Fried Rice,2,29,3,0,1,Clear,0,0,3.5
1733,9,Fried Rice,3,29,2,0,1,Clear,0,0,2.0
1734,2,Biryani,18,56,1,1,1,Cloudy,1,1,2.6666666666666665
1735,16,Biryani,1,41,5,1,0,Clear,0,0,3.2
1736,12,Pasta,22,25,4,1,1,Rainy,1,1,2.5
1737,7,Pasta,16,25,4,1,1,Cloudy,0,1,3.5714285714285716
1738,1,Fried Rice,21,23,5,0,0,Cloudy,1,0,4.666666666666667
1739,13,Burger,5,31,4,0,1,Cloudy,0,0,3.142857142857143
1740,19,Pasta,9,52,4,1,0,Clear,0,0,2.857142857142857
1741,19,Burger,9,37,1,1,0,Cloudy,0,0,2.857142857142857
1742,11,Pizza,23,23,4,1,1,Cloudy,0,1,2.888888888888889
1743,13,Pizza,14,52,5,1,1,Cloudy,0,1,3.4
1744,11,Sandwich,17,46,1,1,1,Rainy,0,1,2.5
1745,2,Sandwich,23,40,1,0,1,Rainy,0,0,2.5555555555555554
1746,11,Burger,23,23,2,1,1,Clear,0,1,2.888888888888889
1747,2,Fried Rice,14,32,4,1,0,Clear,0,0,3.6
1748,15,Fried Rice,0,22,1,0,0,Rainy,0,0,2.6666666666666665
1749,5,Biryani,16,57,4,0,1,Rainy,0,0,3.25
1750,2,Fried Rice,8,20,3,1,0,Clear,0,0,2.5
1751,2,Sandwich,21,40,1,1,1,Cloudy,1,1,2.4285714285714284
1752,8,Pasta,13,40,1,0,1,Clear,0,0,2.3333333333333335
1753,18,Sandwich,13,21,5,0,1,Clear,0,0,3.1666666666666665
1754,8,Burger,12,33,4,1,0,Rainy,0,0,3.0
1755,9,Fried Rice,17,27,1,0,1,Rainy,0,0,2.6
1756,11,Burger,7,48,2,0,0,Rainy,0,0,2.75
1757,11,Burger,7,48,3,1,0,Clear,0,0,2.75
1758,16,Fried Rice,14,49,2,1,1,Clear,0,1,4.25
1759,17,Fried Rice,16,50,5,1,0,Cloudy,0,0,3.2857142857142856
1760,16,Fried Rice,1,24,4,1,0,Cloudy,0,0,3.2
1761,4,Biryani,9,36,3,1,1,Cloudy,0,1,2.25
1762,19,Biryani,0,22,3,0,0,Rainy,0,0,3.375
1763,19,Burger,12,51,5,0,1,Cloudy,0,0,3.0
1764,6,Pasta,4,37,3,0,0,Clear,0,0,3.4
1765,3,Pizza,18,22,1,1,0,Clear,1,0,2.4
1766,7,Fried Rice,15,35,3,0,0,Rainy,0,0,2.6666666666666665
1767,15,Pasta,5,23,2,0,1,Clear,0,0,3.25
1768,10,Fried Rice,5,40,1,1,0,Cloudy,0,0,3.0
1769,14,Fried Rice,5,25,5,0,0,Cloudy,0,0,2.6
1770,17,Sandwich,23,53,4,1,1,Rainy,0,1,1.8
1771,15,Burger,16,57,2,1,0,Clear,0,0,2.4
1772,11,Sandwich,16,51,4,1,1,Rainy,0,1,3.2
1773,7,Biryani,5,54,1,1,1,Clear,0,1,3.1666666666666665
1774,2,Fried Rice,8,27,3,0,0,Rainy,0,0,2.5
1775,10,Biryani,22,51,1,0,0,Clear,1,0,2.2
1776,18,Burger,18,56,3,1,0,Cloudy,1,0,2.8333333333333335
1777,3,Pasta,20,29,3,1,1,Rainy,1,1,2.0
1778,7,Pasta,13,24,5,1,0,Clear,0,0,2.6
1779,16,Pasta,10,54,2,0,1,Cloudy,0,0,2.5
1780,6,Burger,9,52,3,1,1,Cloudy,0,1,3.2222222222222223
1781,1,Burger,17,58,3,1,0,Rainy,0,0,3.1666666666666665
1782,13,Fried Rice,6,39,5,1,1,Rainy,0,1,3.5
1783,2,Sandwich,23,20,4,0,0,Cloudy,0,0,2.5555555555555554
1784,6,Burger,15,56,3,0,1,Cloudy,0,0,2.8
1785,2,Pizza,5,42,5,1,0,Cloudy,0,0,4.0
1786,11,Sandwich,14,42,4,0,0,Clear,0,0,3.8
1787,13,Pasta,14,35,1,1,1,Clear,0,1,3.4
1788,9,Pasta,0,24,4,0,0,Rainy,0,0,3.3333333333333335
1789,2,Biryani,15,25,2,0,0,Rainy,0,0,2.7142857142857144
1790,10,Pizza,8,52,4,1,0,Cloudy,0,0,2.5
1791,5,Sandwich,22,21,3,1,1,Rainy,1,1,2.6
1792,12,Pizza,15,48,2,0,1,Clear,0,0,2.0
1793,5,Burger,11,31,4,0,0,Rainy,0,0,4.0
1794,19,Burger,2,45,4,1,0,Cloudy,0,0,3.4
1795,9,Sandwich,9,25,3,0,0,Cloudy,0,0,3.375
1796,4,Pasta,21,45,1,0,0,Clear,1,0,2.6666666666666665
1797,13,Burger,3,48,1,1,0,Cloudy,0,0,2.0
1798,10,Biryani,18,27,2,1,1,Rainy,1,1,3.0
1799,14,Pasta,12,58,3,1,1,Rainy,0,1,3.2
1800,1,Burger,12,49,1,0,0,Clear,0,0,3.0
1801,5,Pizza,10,49,4,1,0,Rainy,0,0,2.5
1802,9,Biryani,5,23,1,1,1,Clear,0,1,2.7
1803,7,Burger,2,32,2,1,0,Clear,0,0,3.25
1804,2,Biryani,4,37,1,0,1,Rainy,0,0,2.4
1805,8,Fried Rice,14,41,4,1,1,Clear,0,1,3.2
1806,1,Pizza,10,39,3,0,1,Rainy,0,0,2.75
1807,2,Pasta,0,21,2,1,0,Cloudy,0,0,2.3333333333333335
1808,6,Pizza,9,31,5,1,0,Clear,0,0,3.2222222222222223
1809,19,Fried Rice,5,27,2,0,0,Clear,0,0,3.0
1810,16,Burger,18,55,2,0,0,Rainy,1,0,2.8
1811,16,Sandwich,3,40,3,1,1,Clear,0,1,2.5
1812,15,Biryani,22,33,1,1,1,Clear,1,1,2.75
1813,19,Biryani,22,50,3,1,1,Rainy,1,1,2.5
1814,15,Pasta,14,38,1,1,1,Rainy,0,1,2.4285714285714284
1815,15,Fried Rice,16,32,5,0,0,Clear,0,0,2.4
1816,4,Burger,13,50,1,0,0,Clear,0,0,2.4
1817,2,Pizza,23,38,1,1,0,Cloudy,0,0,2.5555555555555554
1818,10,Burger,3,57,4,0,0,Clear,0,0,3.6
1819,15,Sandwich,19,42,3,1,0,Rainy,1,0,2.8181818181818183
1820,1,Pizza,23,48,1,0,0,Cloudy,0,0,2.75
1821,14,Fried Rice,15,21,2,1,1,Rainy,0,1,2.5
1822,16,Fried Rice,6,23,5,1,1,Clear,0,1,4.0
1823,6,Pizza,20,40,2,1,0,Rainy,1,0,2.6666666666666665
1824,11,Pizza,14,40,5,0,1,Clear,0,0,3.8
1825,11,Sandwich,1,25,1,1,0,Cloudy,0,0,2.8333333333333335
1826,14,Pasta,21,44,1,1,0,Rainy,1,0,2.5
1827,7,Fried Rice,15,47,3,0,1,Rainy,0,0,2.6666666666666665
1828,11,Pasta,23,42,5,0,1,Cloudy,0,0,2.888888888888889
1829,7,Sandwich,14,31,3,0,1,Rainy,0,0,2.5
1830,8,Biryani,14,29,4,0,0,Rainy,0,0,3.2
1831,15,Pizza,16,45,2,1,1,Rainy,0,1,2.4
1832,5,Biryani,18,20,1,0,0,Cloudy,1,0,3.4166666666666665
1833,13,Fried Rice,19,20,4,1,1,Cloudy,1,1,2.8
1834,11,Burger,0,30,1,0,1,Clear,0,0,2.4285714285714284
1835,2,Fried Rice,15,33,5,0,0,Rainy,0,0,2.7142857142857144
1836,18,Burger,23,26,2,1,1,Cloudy,0,1,2.75
1837,19,Pizza,13,53,4,0,1,Clear,0,0,3.6
1838,19,Fried Rice,1,22,5,0,0,Cloudy,0,0,3.5714285714285716
1839,12,Sandwich,12,59,5,0,1,Clear,0,0,3.5
1840,1,Biryani,21,33,4,1,1,Cloudy,1,1,4.666666666666667
1841,1,Sandwich,16,21,5,0,0,Cloudy,0,0,4.333333333333333
1842,16,Sandwich,18,51,1,1,0,Clear,1,0,2.8
1843,4,Biryani,12,26,5,1,1,Clear,0,1,2.8
1844,4,Pizza,9,26,1,0,1,Rainy,0,0,2.25
1845,13,Pizza,4,46,3,0,1,Rainy,0,0,3.3333333333333335
1846,16,Burger,5,59,2,0,0,Clear,0,0,3.0
1847,6,Sandwich,5,35,2,0,1,Rainy,0,0,2.3333333333333335
1848,3,Fried Rice,1,50,3,0,1,Rainy,0,0,2.8
1849,8,Pizza,6,37,5,1,0,Cloudy,0,0,3.5
1850,2,Biryani,15,49,2,1,0,Rainy,0,0,2.7142857142857144
1851,3,Pizza,22,39,1,1,1,Clear,1,1,3.25
1852,3,Fried Rice,10,48,3,1,1,Cloudy,0,1,3.0
1853,3,Pizza,8,33,5,1,0,Clear,0,0,3.6
1854,14,Sandwich,12,52,4,1,1,Rainy,0,1,3.2
1855,13,Biryani,0,59,3,1,1,Rainy,0,1,3.0
1856,12,Biryani,3,33,1,1,0,Cloudy,0,0,2.0
1857,8,Sandwich,16,56,3,1,0,Clear,0,0,3.0
1858,9,Sandwich,7,53,5,1,1,Clear,0,1,3.0
1859,12,Biryani,16,48,3,0,1,Cloudy,0,0,3.2
1860,13,Fried Rice,6,26,3,0,1,Rainy,0,0,3.5
1861,8,Biryani,11,20,4,1,0,Cloudy,0,0,2.4
1862,8,Biryani,10,30,5,1,0,Clear,0,0,3.25
1863,2,Fried Rice,22,58,4,1,0,Rainy,1,0,2.6
1864,10,Pizza,3,59,4,1,1,Clear,0,1,3.6
1865,10,Pasta,21,59,1,0,0,Clear,1,0,2.4
1866,6,Pizza,23,49,1,0,1,Clear,0,0,2.6666666666666665
1867,10,Pasta,11,26,1,1,1,Rainy,0,1,1.25
1868,1,Sandwich,15,22,4,0,1,Rainy,0,0,4.25
1869,1,Burger,4,36,2,0,1,Cloudy,0,0,2.2
1870,5,Pizza,22,51,2,1,0,Clear,1,0,2.6
1871,19,Sandwich,16,31,5,0,0,Clear,0,0,4.0
1872,15,Biryani,22,47,4,1,0,Rainy,1,0,2.75
1873,16,Pizza,5,39,5,0,0,Cloudy,0,0,3.0
1874,18,Burger,6,21,5,0,1,Cloudy,0,0,2.0
1875,15,Pasta,5,45,2,1,0,Rainy,0,0,3.25
1876,2,Pasta,21,36,3,1,1,Rainy,1,1,2.4285714285714284
1877,18,Fried Rice,12,30,1,0,1,Clear,0,0,2.769230769230769
1878,7,Fried Rice,21,52,1,0,1,Rainy,1,0,2.8333333333333335
1879,10,Fried Rice,18,35,4,0,0,Clear,1,0,3.0
1880,2,Fried Rice,10,24,4,1,1,Rainy,0,1,3.1666666666666665
1881,16,Pasta,8,28,2,0,0,Cloudy,0,0,3.2
1882,13,Pizza,7,38,3,0,1,Cloudy,0,0,2.8
1883,4,Sandwich,8,20,3,1,0,Clear,0,0,3.625
1884,2,Burger,2,57,5,1,1,Clear,0,1,3.857142857142857
1885,14,Sandwich,8,23,3,0,1,Cloudy,0,0,3.0
1886,1,Biryani,2,52,1,1,0,Cloudy,0,0,3.5
1887,3,Burger,2,50,4,1,0,Clear,0,0,2.6666666666666665
1888,12,Sandwich,14,54,5,1,0,Clear,0,0,3.6666666666666665
1889,14,Burger,12,36,1,1,1,Clear,0,1,3.2
1890,10,Fried Rice,0,24,2,0,0,Rainy,0,0,3.8
1891,3,Sandwich,4,27,4,0,1,Clear,0,0,4.666666666666667
1892,8,Fried Rice,23,24,1,0,1,Clear,0,0,2.625
1893,2,Burger,7,29,1,0,0,Clear,0,0,3.25
1894,4,Pizza,7,43,4,1,0,Clear,0,0,3.25
1895,3,Sandwich,3,31,3,1,0,Rainy,0,0,3.0
1896,11,Sandwich,14,50,2,0,1,Rainy,0,0,3.8
1897,16,Fried Rice,22,59,4,0,1,Clear,1,0,4.0
1898,5,Pasta,11,40,5,1,1,Clear,0,1,4.0
1899,3,Fried Rice,11,23,1,1,1,Clear,0,1,2.5
1900,14,Pizza,5,59,1,1,0,Cloudy,0,0,2.6
1901,5,Burger,11,29,4,0,1,Rainy,0,0,4.0
1902,5,Fried Rice,6,20,3,1,0,Rainy,0,0,2.0
1903,13,Biryani,4,33,5,1,0,Rainy,0,0,3.3333333333333335
1904,6,Pizza,12,46,3,0,0,Cloudy,0,0,2.3333333333333335
1905,18,Sandwich,16,48,1,0,0,Rainy,0,0,2.25
1906,11,Biryani,1,56,1,0,1,Rainy,0,0,2.8333333333333335
1907,9,Biryani,7,43,5,0,1,Rainy,0,0,3.0
1908,11,Sandwich,16,55,4,1,1,Cloudy,0,1,3.2
1909,5,Burger,12,31,5,0,0,Cloudy,0,0,2.8333333333333335
1910,15,Fried Rice,4,54,5,0,0,Clear,0,0,5.0
1911,9,Pasta,6,46,1,0,0,Cloudy,0,0,3.0
1912,7,Fried Rice,4,28,5,0,1,Cloudy,0,0,3.5
1913,17,Pasta,1,34,2,0,0,Clear,0,0,2.142857142857143
1914,18,Sandwich,22,47,1,1,0,Clear,1,0,3.125
1915,4,Pasta,13,44,3,1,0,Clear,0,0,2.4
1916,7,Burger,22,22,5,0,0,Cloudy,1,0,3.8333333333333335
1917,18,Sandwich,20,22,4,0,1,Cloudy,1,0,3.2
1918,16,Pasta,6,55,5,1,0,Rainy,0,0,4.0
1919,6,Burger,7,42,4,1,0,Clear,0,0,3.2
1920,13,Pizza,5,32,1,0,1,Clear,0,0,3.142857142857143
1921,13,Biryani,20,40,3,1,1,Rainy,1,1,3.0
1922,7,Pizza,16,32,4,0,1,Clear,0,0,3.5714285714285716
1923,1,Pizza,13,39,4,0,1,Clear,0,0,2.5
1924,16,Pasta,18,58,4,0,0,Cloudy,1,0,2.8
1925,2,Pasta,20,57,5,1,1,Cloudy,1,1,5.0
1926,10,Biryani,15,54,4,1,0,Rainy,0,0,1.875
1927,7,Fried Rice,13,44,2,1,1,Rainy,0,1,2.6
1928,2,Pizza,17,38,1,1,1,Clear,0,1,2.6666666666666665
1929,5,Burger,14,36,4,0,0,Rainy,0,0,2.75
1930,9,Pizza,5,42,2,1,1,Rainy,0,1,2.7
1931,9,Fried Rice,15,29,3,1,0,Rainy,0,0,2.6666666666666665
1932,6,Pizza,22,20,5,0,0,Rainy,1,0,3.2
1933,4,Pizza,1,35,3,1,0,Clear,0,0,3.0
1934,15,Burger,8,27,5,1,1,Cloudy,0,1,3.5
1935,1,Fried Rice,15,38,4,1,1,Clear,0,1,4.25
1936,13,Biryani,12,54,1,1,0,Cloudy,0,0,3.3333333333333335
1937,9,Fried Rice,2,50,4,1,1,Cloudy,0,1,2.6666666666666665
1938,9,Biryani,11,42,1,1,1,Clear,0,1,2.3333333333333335
1939,7,Fried Rice,20,30,1,1,1,Clear,1,1,1.5
1940,13,Sandwich,15,33,5,0,1,Rainy,0,0,2.6666666666666665
1941,10,Pizza,4,46,3,0,0,Rainy,0,0,2.75
1942,18,Pizza,12,49,4,1,0,Cloudy,0,0,2.769230769230769
1943,7,Burger,9,47,5,0,1,Rainy,0,0,2.25
1944,17,Sandwich,13,23,2,0,1,Cloudy,0,0,3.0
1945,12,Pizza,17,57,4,1,0,Clear,0,0,3.0
1946,8,Pizza,23,47,5,0,1,Clear,0,0,2.625
1947,7,Fried Rice,15,38,2,1,1,Rainy,0,1,2.6666666666666665
1948,16,Burger,11,43,3,1,1,Rainy,0,1,3.7142857142857144
1949,8,Biryani,17,46,3,1,1,Cloudy,0,1,2.6666666666666665
1950,19,Sandwich,12,51,3,0,1,Clear,0,0,3.0
1951,14,Pasta,4,59,1,0,1,Rainy,0,0,3.0
1952,17,Fried Rice,17,39,5,0,1,Rainy,0,0,2.6666666666666665
1953,4,Sandwich,18,38,2,1,1,Rainy,1,1,1.6666666666666667
1954,10,Sandwich,8,49,2,0,0,Rainy,0,0,2.5
1955,14,Pasta,8,55,4,0,1,Rainy,0,0,3.0
1956,15,Fried Rice,6,28,4,0,1,Clear,0,0,3.6666666666666665
1957,2,Biryani,22,39,1,0,1,Cloudy,1,0,2.6
1958,7,Burger,18,29,5,0,0,Rainy,1,0,4.0
1959,5,Fried Rice,9,49,5,0,0,Cloudy,0,0,3.5
1960,7,Burger,5,34,2,0,1,Cloudy,0,0,3.1666666666666665
1961,12,Pizza,20,51,1,1,0,Rainy,1,0,2.0
1962,15,Burger,7,45,3,1,0,Clear,0,0,1.8571428571428572
1963,6,Pizza,18,50,5,0,0,Cloudy,1,0,3.3333333333333335
1964,14,Fried Rice,17,46,2,0,1,Cloudy,0,0,3.75
1965,18,Biryani,21,56,1,1,1,Rainy,1,1,3.6666666666666665
1966,18,Fried Rice,12,22,4,1,0,Clear,0,0,2.769230769230769
1967,13,Pizza,1,49,2,0,1,Cloudy,0,0,2.4
1968,7,Pizza,17,39,1,0,1,Rainy,0,0,2.3333333333333335
1969,8,Pasta,11,58,4,0,0,Rainy,0,0,2.4
1970,3,Sandwich,1,48,4,0,0,Clear,0,0,2.8
1971,7,Pizza,5,55,5,0,1,Clear,0,0,3.1666666666666665
1972,4,Burger,22,56,4,1,0,Cloudy,1,0,3.0
1973,17,Burger,10,47,3,0,1,Rainy,0,0,3.25
1974,6,Biryani,10,49,4,1,1,Cloudy,0,1,3.6
1975,11,Sandwich,2,48,5,0,0,Clear,0,0,3.3333333333333335
1976,9,Burger,19,25,5,1,0,Clear,1,0,2.3333333333333335
1977,2,Sandwich,10,42,5,0,1,Clear,0,0,3.1666666666666665
1978,3,Fried Rice,12,33,3,1,0,Cloudy,0,0,3.2
1979,16,Sandwich,16,52,4,0,0,Cloudy,0,0,3.0
1980,8,Pizza,0,58,1,1,1,Cloudy,0,1,2.3333333333333335
1981,15,Sandwich,0,27,4,1,1,Rainy,0,1,2.6666666666666665
1982,10,Pizza,11,55,1,0,1,Cloudy,0,0,1.25
1983,18,Pizza,22,37,5,0,0,Rainy,1,0,3.125
1984,3,Biryani,7,24,5,1,1,Clear,0,1,3.75
1985,13,Pizza,20,31,3,0,0,Rainy,1,0,3.0
1986,11,Biryani,13,43,4,0,0,Cloudy,0,0,3.0
1987,17,Fried Rice,14,34,3,0,0,Rainy,0,0,2.75
1988,4,Burger,23,36,2,0,0,Clear,0,0,3.4444444444444446
1989,12,Biryani,6,42,1,1,1,Clear,0,1,1.0
1990,1,Pizza,12,24,4,1,0,Clear,0,0,3.0
1991,8,Fried Rice,6,59,5,0,0,Rainy,0,0,3.5
1992,4,Sandwich,10,33,4,0,0,Clear,0,0,4.0
1993,5,Burger,4,41,5,0,0,Rainy,0,0,3.75
1994,1,Fried Rice,0,21,5,1,0,Clear,0,0,3.4
1995,3,Sandwich,0,58,1,1,0,Cloudy,0,0,2.6666666666666665
1996,9,Fried Rice,21,21,3,1,1,Rainy,1,1,2.888888888888889
1997,2,Pizza,15,40,3,1,0,Clear,0,0,2.7142857142857144
1998,3,Sandwich,2,38,4,1,1,Cloudy,0,1,2.6666666666666665
1999,17,Burger,20,41,4,0,1,Rainy,1,0,2.625
2000,19,Sandwich,22,54,1,1,0,Clear,1,0,2.5
